date,region,mobile_money_volume,electricity_consumption,health_clinic_visits,school_attendance_rate,food_price_index,inflation_rate,exchange_rate,rainfall,unemployment_estimate,poverty_spike_next_quarter
2019-01-01,Bujumbura,121.73,98.0,136.7,80.89,104.7,3.33,1878.14,59.39,5.77,0
2019-01-31,Bujumbura,112.82,94.94,125.76,85.92,97.36,2.69,1899.29,75.04,6.51,0
2019-03-02,Bujumbura,116.5,98.22,119.33,85.88,98.64,2.43,1953.46,102.04,6.54,0
2019-04-01,Bujumbura,98.59,100.19,129.67,81.76,102.95,2.39,1960.07,69.05,6.36,0
2019-05-01,Bujumbura,117.23,97.73,122.97,88.96,106.86,3.45,1968.61,84.44,6.68,1
2019-05-31,Bujumbura,98.91,88.19,126.65,84.02,102.6,3.32,1936.34,66.94,6.21,0
2019-06-30,Bujumbura,120.44,88.94,144.02,87.28,102.81,2.36,1981.69,82.51,6.44,1
2019-07-30,Bujumbura,84.86,94.64,121.16,88.05,108.32,2.74,1932.17,61.82,5.95,1
2019-08-29,Bujumbura,103.96,105.15,130.51,81.73,110.3,3.24,1980.84,77.94,6.15,1
2019-09-28,Bujumbura,94.46,88.5,120.95,80.99,110.49,2.72,1986.18,82.21,5.85,1
2019-10-28,Bujumbura,109.04,92.66,120.14,83.18,106.27,3.44,2019.59,72.41,6.62,1
2019-11-27,Bujumbura,90.17,105.88,132.27,87.58,115.4,2.72,1973.23,58.35,6.07,1
2019-12-27,Bujumbura,61.1,69.0,167.79,57.82,140.07,3.57,2664.59,45.93,8.04,0
2020-01-26,Bujumbura,95.18,75.37,162.14,59.46,143.97,3.49,2581.82,57.49,8.01,1
2020-02-25,Bujumbura,137.98,93.6,121.92,84.88,119.54,2.63,2047.0,92.28,5.84,0
2020-03-26,Bujumbura,113.94,101.56,134.74,85.27,110.29,3.33,2027.86,65.55,5.6,0
2020-04-25,Bujumbura,127.53,89.55,131.56,82.64,117.68,2.55,2067.67,74.34,6.7,0
2020-05-25,Bujumbura,107.95,91.64,142.39,88.17,114.17,3.12,2087.66,79.62,6.2,0
2020-06-24,Bujumbura,92.1,107.42,141.75,86.1,116.1,2.76,2089.72,90.89,6.64,0
2020-07-24,Bujumbura,110.65,91.41,122.36,88.35,120.27,2.36,2047.33,76.57,5.55,0
2020-08-23,Bujumbura,102.83,103.73,135.23,82.62,122.55,2.63,2075.4,76.96,6.35,0
2020-09-22,Bujumbura,105.85,101.46,120.57,83.84,118.16,2.64,2139.22,61.82,6.64,0
2020-10-22,Bujumbura,113.19,100.34,133.26,84.9,118.28,3.2,2090.51,47.91,6.34,0
2020-11-21,Bujumbura,124.1,109.6,142.13,83.86,117.04,3.44,2112.41,89.25,6.73,0
2020-12-21,Bujumbura,102.13,98.35,140.46,83.41,119.9,3.0,2165.13,82.03,6.25,1
2021-01-20,Bujumbura,122.45,110.75,121.79,85.12,129.72,3.22,2154.34,86.43,5.99,0
2021-02-19,Bujumbura,136.4,107.32,140.87,88.48,126.14,2.94,2172.62,86.93,6.41,0
2021-03-21,Bujumbura,142.31,97.96,127.97,81.52,127.99,2.39,2153.53,82.8,5.9,0
2021-04-20,Bujumbura,98.96,92.05,139.71,83.78,123.23,2.96,2189.39,66.16,6.31,1
2021-05-20,Bujumbura,96.8,102.27,132.31,86.13,131.92,3.49,2176.92,68.88,6.53,0
2021-06-19,Bujumbura,109.8,93.24,118.78,88.9,134.37,3.17,2177.04,59.01,5.74,1
2021-07-19,Bujumbura,109.24,106.39,135.44,83.1,136.96,3.22,2199.27,74.4,6.06,1
2021-08-18,Bujumbura,97.25,107.48,118.49,81.7,126.01,2.4,2235.34,75.23,6.13,0
2021-09-17,Bujumbura,101.53,101.85,122.66,84.4,131.65,3.07,2225.46,48.04,6.01,1
2021-10-17,Bujumbura,103.71,109.9,135.4,82.1,128.25,3.1,2180.9,70.49,6.7,1
2021-11-16,Bujumbura,103.1,105.73,130.14,85.35,140.96,2.8,2273.68,86.69,5.79,0
2021-12-16,Bujumbura,91.89,94.62,136.04,81.32,133.54,3.34,2199.25,87.25,5.89,0
2022-01-15,Bujumbura,88.14,77.67,178.63,61.28,174.22,3.32,2956.29,63.88,8.8,0
2022-02-14,Bujumbura,96.51,70.05,185.31,61.61,178.13,4.2,2969.23,42.53,8.66,0
2022-03-16,Bujumbura,142.35,99.82,141.62,84.03,132.2,3.41,2233.38,71.99,6.72,0
2022-04-15,Bujumbura,128.27,106.48,129.89,83.21,137.6,3.14,2303.02,93.71,6.52,1
2022-05-15,Bujumbura,120.36,94.74,132.54,84.47,146.47,2.76,2254.43,60.56,6.48,0
2022-06-14,Bujumbura,96.74,95.46,136.51,81.34,146.57,3.18,2260.5,55.12,6.76,0
2022-07-14,Bujumbura,103.88,110.84,142.98,89.1,146.62,2.79,2270.04,81.32,6.23,0
2022-08-13,Bujumbura,122.67,96.38,131.05,80.81,143.55,2.42,2282.66,51.66,6.35,0
2022-09-12,Bujumbura,107.64,114.38,127.96,83.15,150.34,2.61,2370.63,46.72,6.74,1
2022-10-12,Bujumbura,122.48,105.48,144.18,81.35,146.79,3.49,2339.16,72.25,6.4,0
2022-11-11,Bujumbura,115.98,106.86,141.77,81.1,143.78,3.47,2383.13,67.87,6.31,0
2022-12-11,Bujumbura,101.86,104.51,127.39,85.68,141.75,3.49,2401.82,82.13,6.21,0
2023-01-10,Bujumbura,137.78,109.37,122.38,88.46,153.81,3.46,2386.86,82.31,6.06,0
2023-02-09,Bujumbura,145.5,96.05,118.81,83.92,154.66,3.51,2341.79,84.26,6.01,1
2023-03-11,Bujumbura,146.33,113.02,130.42,84.24,147.58,2.42,2419.29,95.9,6.78,1
2023-04-10,Bujumbura,130.2,111.75,142.91,87.94,148.16,2.88,2358.49,101.48,6.29,1
2023-05-10,Bujumbura,131.78,108.75,127.52,81.68,155.63,2.96,2429.68,78.0,6.6,1
2023-06-09,Bujumbura,120.52,114.45,128.71,81.86,146.74,3.24,2424.61,82.39,5.81,1
2023-07-09,Bujumbura,90.23,103.44,133.6,84.05,154.03,3.41,2407.8,70.31,6.51,1
2023-08-08,Bujumbura,86.44,81.49,158.57,62.01,202.64,3.45,3156.43,60.45,8.0,0
2023-09-07,Bujumbura,66.77,68.55,157.95,57.26,197.0,3.27,3191.84,37.42,7.76,0
2023-10-07,Bujumbura,80.84,70.12,160.11,56.75,198.6,3.48,3145.13,35.35,7.4,0
2023-11-06,Bujumbura,99.53,104.48,131.33,86.58,151.68,3.29,2473.09,52.23,6.62,0
2019-01-01,Gitega,58.8,43.15,132.86,88.37,102.47,2.53,1881.19,91.82,13.39,0
2019-01-31,Gitega,63.04,38.92,135.0,89.0,98.4,2.82,1900.13,60.86,11.97,0
2019-03-02,Gitega,60.09,39.1,147.09,89.54,103.83,3.47,1918.88,66.53,12.5,0
2019-04-01,Gitega,71.9,41.82,126.27,86.79,101.59,3.29,1933.96,81.81,13.62,0
2019-05-01,Gitega,57.99,39.1,126.96,86.45,100.47,2.72,1921.34,71.12,13.39,1
2019-05-31,Gitega,63.36,41.81,149.6,85.27,103.93,3.69,1975.97,101.73,11.81,0
2019-06-30,Gitega,63.91,46.32,137.98,89.34,103.67,3.44,1932.5,72.79,12.22,1
2019-07-30,Gitega,51.12,39.45,139.45,86.83,107.87,2.68,1965.02,78.84,11.3,1
2019-08-29,Gitega,46.87,39.08,149.8,87.13,111.35,2.8,1990.35,85.96,12.65,1
2019-09-28,Gitega,52.29,41.61,148.15,91.64,114.07,2.64,2003.84,92.53,11.62,0
2019-10-28,Gitega,60.44,43.63,145.76,85.51,113.25,2.74,1968.16,59.38,13.19,1
2019-11-27,Gitega,57.97,41.86,146.73,87.75,114.51,3.03,1994.63,75.6,11.92,1
2019-12-27,Gitega,37.86,32.63,173.25,62.36,151.52,4.24,2578.08,72.02,16.54,0
2020-01-26,Gitega,71.23,44.28,137.35,92.2,116.26,2.67,2008.26,72.57,13.01,1
2020-02-25,Gitega,51.12,32.62,171.76,64.09,142.43,4.6,2603.52,58.1,17.09,0
2020-03-26,Gitega,59.77,45.34,142.44,89.96,117.23,3.16,2022.22,81.25,11.62,0
2020-04-25,Gitega,68.56,42.64,135.4,92.67,111.98,3.21,2052.48,94.37,11.21,0
2020-05-25,Gitega,75.33,44.15,141.8,92.45,119.42,2.68,2067.79,90.95,12.22,0
2020-06-24,Gitega,71.94,47.38,135.09,85.28,123.72,3.53,2039.91,101.96,13.33,0
2020-07-24,Gitega,60.47,42.87,124.28,87.24,122.6,2.49,2066.64,72.61,12.5,0
2020-08-23,Gitega,52.75,42.49,142.91,88.28,116.7,3.05,2059.98,59.92,12.41,0
2020-09-22,Gitega,64.69,42.71,138.63,89.88,115.11,3.31,2072.46,93.53,11.54,0
2020-10-22,Gitega,47.06,48.38,136.49,89.55,116.72,3.42,2084.53,92.11,11.68,0
2020-11-21,Gitega,47.89,43.84,138.2,84.85,126.39,3.05,2120.57,74.58,12.16,0
2020-12-21,Gitega,53.45,41.36,146.31,92.66,122.43,2.82,2140.26,76.94,11.23,0
2021-01-20,Gitega,70.86,45.66,123.53,86.24,121.64,3.32,2096.44,65.17,13.15,0
2021-02-19,Gitega,71.76,42.02,125.5,86.43,128.8,3.55,2175.36,83.0,12.83,0
2021-03-21,Gitega,62.92,47.95,123.15,85.03,123.29,2.52,2129.02,94.0,12.21,0
2021-04-20,Gitega,76.51,43.1,129.87,87.64,129.16,2.82,2176.76,83.64,12.54,0
2021-05-20,Gitega,60.32,48.59,143.63,85.51,133.75,3.09,2209.83,100.85,12.22,1
2021-06-19,Gitega,56.91,45.05,140.08,86.56,125.31,3.52,2227.34,82.66,11.59,1
2021-07-19,Gitega,48.19,48.47,126.0,89.39,128.04,3.17,2207.79,92.63,11.68,0
2021-08-18,Gitega,49.15,48.44,146.64,89.57,133.33,3.31,2175.38,92.84,12.21,1
2021-09-17,Gitega,57.19,40.86,127.33,90.82,127.45,3.24,2190.95,68.4,11.89,1
2021-10-17,Gitega,62.77,43.19,138.25,88.49,136.19,3.65,2243.68,61.64,11.25,1
2021-11-16,Gitega,62.42,41.05,136.33,89.57,132.76,3.44,2197.37,57.62,12.98,1
2021-12-16,Gitega,43.24,30.03,188.68,63.95,180.24,3.67,2925.12,52.23,14.81,0
2022-01-15,Gitega,78.73,44.78,127.84,89.08,142.11,3.4,2279.11,93.62,12.89,0
2022-02-14,Gitega,68.88,42.82,149.74,92.65,131.64,3.36,2299.46,71.5,12.58,0
2022-03-16,Gitega,57.08,47.23,130.9,92.47,145.55,3.66,2268.16,108.99,13.26,0
2022-04-15,Gitega,78.56,41.31,139.06,86.31,134.69,2.58,2297.9,79.95,12.97,1
2022-05-15,Gitega,62.25,45.97,144.37,87.1,142.78,3.59,2300.11,71.78,11.23,0
2022-06-14,Gitega,51.85,49.11,137.22,92.6,146.24,3.73,2285.27,94.45,12.17,0
2022-07-14,Gitega,64.15,49.2,149.64,91.09,141.82,3.01,2330.44,65.21,11.44,0
2022-08-13,Gitega,53.79,43.99,129.17,84.64,137.06,3.71,2311.3,69.19,12.86,0
2022-09-12,Gitega,68.48,48.57,125.23,87.98,150.5,3.66,2324.47,78.25,11.58,0
2022-10-12,Gitega,52.68,50.1,140.52,89.66,146.19,2.77,2306.76,61.88,11.63,0
2022-11-11,Gitega,57.8,42.03,149.23,92.11,153.29,3.72,2315.89,72.52,13.05,0
2022-12-11,Gitega,55.86,49.11,128.91,86.26,148.55,3.22,2363.55,61.45,13.35,0
2023-01-10,Gitega,58.1,49.88,148.87,91.92,153.61,3.3,2370.31,64.29,12.18,0
2023-02-09,Gitega,63.92,48.44,136.32,84.99,145.8,3.33,2334.73,107.09,12.4,1
2023-03-11,Gitega,74.37,49.47,132.28,90.29,151.99,2.82,2420.61,105.52,12.8,1
2023-04-10,Gitega,81.4,48.47,145.63,90.46,154.74,3.25,2418.2,70.33,13.35,1
2023-05-10,Gitega,55.77,49.66,126.31,87.24,156.73,2.69,2434.07,102.51,12.43,0
2023-06-09,Gitega,59.97,47.79,149.56,89.88,150.3,3.27,2416.86,95.07,11.43,1
2023-07-09,Gitega,63.42,51.12,132.12,89.88,161.7,2.61,2464.87,86.05,11.34,1
2023-08-08,Gitega,34.78,33.35,171.9,62.85,193.59,4.64,3221.48,66.69,16.94,0
2023-09-07,Gitega,33.63,29.73,171.11,62.02,209.62,4.34,3167.08,44.32,17.74,0
2023-10-07,Gitega,36.53,34.87,184.23,60.36,196.82,4.33,3205.99,44.97,17.59,0
2023-11-06,Gitega,61.13,51.3,134.24,89.94,157.37,2.83,2508.13,73.13,13.39,0
2019-01-01,Ngozi,71.66,24.15,132.57,81.36,103.45,7.94,1909.59,94.21,22.09,0
2019-01-31,Ngozi,90.26,23.87,125.15,76.18,97.21,7.72,1904.18,104.21,24.32,1
2019-03-02,Ngozi,92.35,21.54,133.09,77.71,101.54,5.78,1886.18,122.98,24.27,0
2019-04-01,Ngozi,83.14,23.51,134.66,81.43,98.26,7.13,1898.02,112.48,26.74,0
2019-05-01,Ngozi,89.74,23.21,130.7,79.69,98.9,6.69,1939.37,98.95,23.64,1
2019-05-31,Ngozi,72.27,22.25,116.39,79.75,106.99,8.05,1924.14,101.69,22.44,0
2019-06-30,Ngozi,89.8,20.63,136.58,75.66,106.44,7.79,1986.04,136.52,25.83,1
2019-07-30,Ngozi,88.9,20.89,135.54,79.59,110.4,7.05,1977.79,116.75,25.49,0
2019-08-29,Ngozi,62.69,21.69,117.06,82.16,104.97,8.55,1963.11,89.43,25.78,1
2019-09-28,Ngozi,75.04,23.15,131.12,77.06,114.41,8.55,1997.44,89.25,25.24,0
2019-10-28,Ngozi,62.03,21.83,124.68,82.13,112.5,7.88,1989.05,100.29,23.74,1
2019-11-27,Ngozi,64.94,24.67,127.59,78.73,113.5,7.15,2034.44,142.56,23.98,1
2019-12-27,Ngozi,68.44,15.19,167.32,56.18,148.99,7.97,2640.8,105.47,29.64,0
2020-01-26,Ngozi,53.92,17.3,163.05,54.05,152.35,9.14,2632.11,81.41,32.26,0
2020-02-25,Ngozi,76.12,15.4,168.42,54.48,152.25,7.96,2692.57,89.47,30.0,1
2020-03-26,Ngozi,80.6,23.26,121.52,81.82,114.21,6.46,2052.07,149.59,22.74,0
2020-04-25,Ngozi,74.88,24.31,129.73,79.01,119.99,8.06,2059.01,160.51,22.93,0
2020-05-25,Ngozi,80.79,21.2,126.4,82.67,111.61,6.1,2057.56,160.1,23.47,0
2020-06-24,Ngozi,69.35,21.66,137.84,82.9,112.16,8.48,2082.52,147.69,24.14,0
2020-07-24,Ngozi,80.47,24.12,116.56,75.49,116.71,7.77,2055.69,126.89,26.65,1
2020-08-23,Ngozi,83.24,23.13,134.87,76.66,122.31,8.16,2127.17,122.65,24.35,0
2020-09-22,Ngozi,88.21,23.77,113.82,82.63,123.29,7.69,2075.62,119.26,23.85,0
2020-10-22,Ngozi,65.86,24.22,138.16,75.63,127.82,6.92,2140.28,129.23,24.69,0
2020-11-21,Ngozi,93.78,23.07,121.27,80.54,126.79,7.94,2143.74,110.49,25.91,0
2020-12-21,Ngozi,87.43,21.24,121.21,78.16,122.71,7.75,2118.51,117.26,23.08,0
2021-01-20,Ngozi,80.51,21.6,128.22,80.55,126.49,7.08,2127.22,154.72,24.46,0
2021-02-19,Ngozi,75.92,22.91,122.61,78.41,127.01,7.28,2156.27,152.35,25.89,0
2021-03-21,Ngozi,112.35,21.42,117.97,75.31,128.87,8.33,2134.37,167.18,22.22,0
2021-04-20,Ngozi,88.47,21.86,125.26,77.29,125.25,6.63,2192.25,134.55,23.44,0
2021-05-20,Ngozi,98.93,22.71,123.44,76.22,124.89,7.71,2147.78,128.95,25.38,0
2021-06-19,Ngozi,89.22,22.68,137.25,79.08,133.98,7.33,2145.09,130.65,26.56,1
2021-07-19,Ngozi,93.25,25.72,118.79,76.93,132.45,6.93,2224.33,142.52,23.65,1
2021-08-18,Ngozi,88.6,22.85,133.72,78.61,134.21,6.02,2214.92,107.31,24.79,1
2021-09-17,Ngozi,86.09,25.71,118.5,76.01,126.66,7.59,2222.98,111.93,23.06,1
2021-10-17,Ngozi,82.98,24.0,137.87,76.33,136.61,6.91,2216.62,124.93,25.3,1
2021-11-16,Ngozi,70.93,22.16,131.25,79.83,131.95,5.98,2195.5,142.12,22.86,1
2021-12-16,Ngozi,82.77,22.03,126.1,75.79,140.08,6.42,2245.59,148.57,25.1,0
2022-01-15,Ngozi,60.38,17.48,179.44,56.35,179.13,10.2,2922.88,65.45,32.07,0
2022-02-14,Ngozi,103.12,22.75,126.52,76.02,137.32,7.92,2247.21,144.47,25.8,0
2022-03-16,Ngozi,86.88,23.76,116.88,83.11,144.94,7.3,2301.56,134.75,24.97,1
2022-04-15,Ngozi,106.01,22.48,133.81,81.45,142.92,5.85,2262.05,112.77,23.68,1
2022-05-15,Ngozi,109.4,24.6,120.73,78.4,140.26,7.48,2290.94,159.0,24.35,0
2022-06-14,Ngozi,101.34,22.96,136.43,76.17,146.51,6.84,2333.76,147.7,25.85,0
2022-07-14,Ngozi,77.96,22.38,123.18,76.63,145.79,6.74,2352.42,124.65,25.94,0
2022-08-13,Ngozi,93.25,26.54,125.29,80.05,147.81,6.25,2318.24,103.79,22.64,0
2022-09-12,Ngozi,66.52,22.19,116.45,82.88,145.72,8.53,2321.22,96.59,24.39,0
2022-10-12,Ngozi,68.86,25.25,118.48,80.16,148.19,6.19,2295.99,129.12,24.17,1
2022-11-11,Ngozi,102.05,22.43,130.52,83.04,143.17,6.16,2310.96,101.37,22.42,0
2022-12-11,Ngozi,74.11,24.7,138.1,81.7,149.71,6.63,2367.68,122.94,24.0,0
2023-01-10,Ngozi,109.11,24.45,117.94,78.17,147.72,8.13,2387.6,147.56,21.98,0
2023-02-09,Ngozi,97.24,22.36,119.58,81.27,144.56,7.29,2347.94,92.98,23.1,1
2023-03-11,Ngozi,111.34,27.06,125.31,76.12,151.72,7.06,2417.34,100.99,24.31,1
2023-04-10,Ngozi,91.43,26.01,125.01,78.23,150.4,7.07,2421.29,162.38,26.58,1
2023-05-10,Ngozi,88.16,25.81,124.05,77.27,158.22,5.86,2442.13,124.09,25.03,1
2023-06-09,Ngozi,105.17,25.6,128.48,75.78,154.28,6.18,2435.92,121.87,25.24,0
2023-07-09,Ngozi,72.08,26.04,114.87,75.82,147.44,8.5,2445.51,104.81,23.37,1
2023-08-08,Ngozi,62.04,16.4,152.66,53.22,206.05,10.33,3131.89,55.12,29.03,0
2023-09-07,Ngozi,91.03,25.68,122.65,76.88,151.06,7.52,2468.32,118.28,24.51,1
2023-10-07,Ngozi,65.47,16.84,178.98,56.01,207.09,10.27,3226.04,84.62,29.32,0
2023-11-06,Ngozi,101.96,23.76,122.41,78.68,158.04,7.51,2504.11,97.05,22.52,0
2019-01-01,Kayanza,164.9,75.32,99.22,93.49,102.28,7.96,1911.87,142.72,23.59,0
2019-01-31,Kayanza,226.27,65.25,93.31,87.07,103.28,8.08,1887.62,186.48,24.97,0
2019-03-02,Kayanza,203.06,73.25,100.18,88.57,102.66,7.71,1947.66,208.03,24.6,0
2019-04-01,Kayanza,199.44,65.02,94.95,92.45,108.07,6.02,1920.9,229.72,21.99,0
2019-05-01,Kayanza,219.17,73.91,93.77,89.09,106.95,7.32,1899.65,222.42,21.21,0
2019-05-31,Kayanza,171.01,79.01,97.37,88.83,101.31,6.61,1976.84,241.17,22.76,0
2019-06-30,Kayanza,201.69,78.13,101.87,89.42,105.07,7.73,1918.11,189.68,22.7,1
2019-07-30,Kayanza,147.62,73.95,99.63,91.69,102.34,7.4,1971.34,174.25,23.86,1
2019-08-29,Kayanza,190.58,69.46,106.52,90.38,103.43,5.9,1962.9,189.28,24.35,1
2019-09-28,Kayanza,168.86,72.08,92.96,88.85,108.28,5.99,1963.31,168.67,24.48,1
2019-10-28,Kayanza,200.07,75.18,98.44,91.63,113.14,6.07,1987.81,194.61,22.84,1
2019-11-27,Kayanza,183.95,68.62,97.26,88.9,105.74,5.8,2031.1,145.24,23.46,1
2019-12-27,Kayanza,118.57,50.65,139.71,65.44,141.03,10.45,2613.82,122.62,28.16,1
2020-01-26,Kayanza,137.84,50.82,135.99,64.96,141.89,9.73,2592.18,149.7,31.35,0
2020-02-25,Kayanza,168.23,70.46,95.25,88.11,118.63,6.45,2014.45,222.23,23.14,0
2020-03-26,Kayanza,171.33,73.63,90.68,86.45,119.67,6.13,2045.15,184.29,22.66,0
2020-04-25,Kayanza,166.0,76.38,109.28,90.94,121.07,5.88,2045.33,164.63,24.46,0
2020-05-25,Kayanza,179.37,76.39,93.97,90.99,116.58,8.52,2070.45,169.05,21.57,0
2020-06-24,Kayanza,168.79,70.55,107.03,90.95,118.28,6.06,2100.83,200.64,21.36,0
2020-07-24,Kayanza,183.64,68.17,99.18,90.26,115.02,8.45,2109.62,185.18,23.2,0
2020-08-23,Kayanza,184.37,75.21,91.26,90.51,123.68,7.05,2052.54,189.42,21.98,0
2020-09-22,Kayanza,148.63,72.14,105.15,90.57,117.43,8.25,2131.38,194.69,22.16,0
2020-10-22,Kayanza,208.4,78.89,90.56,86.47,121.56,8.34,2112.26,161.44,21.53,0
2020-11-21,Kayanza,205.32,73.17,105.53,94.6,119.36,7.24,2100.46,197.67,23.74,0
2020-12-21,Kayanza,214.68,73.54,108.32,90.7,119.76,7.73,2152.96,157.52,25.05,0
2021-01-20,Kayanza,183.79,82.52,92.83,87.7,121.05,8.3,2150.69,147.04,23.1,0
2021-02-19,Kayanza,174.37,81.16,106.09,90.45,131.89,6.93,2188.58,211.68,24.01,0
2021-03-21,Kayanza,244.64,74.44,93.26,85.99,127.76,7.25,2175.42,240.26,21.41,0
2021-04-20,Kayanza,183.77,81.1,106.4,90.77,130.69,6.64,2163.5,229.42,23.19,0
2021-05-20,Kayanza,202.87,80.8,96.72,87.45,131.73,8.1,2140.75,156.82,21.7,0
2021-06-19,Kayanza,190.17,79.75,103.04,91.49,128.08,8.15,2182.49,227.85,24.01,1
2021-07-19,Kayanza,197.68,73.45,103.74,86.51,126.74,8.19,2170.55,202.13,22.35,1
2021-08-18,Kayanza,191.7,76.44,96.12,87.8,125.84,6.61,2217.5,204.16,25.11,1
2021-09-17,Kayanza,195.87,78.92,95.22,94.08,135.27,7.34,2179.06,154.22,23.19,1
2021-10-17,Kayanza,181.89,74.71,109.55,86.88,132.96,5.86,2244.33,202.2,22.35,1
2021-11-16,Kayanza,170.6,82.98,105.09,93.15,128.49,8.5,2252.74,148.43,24.92,1
2021-12-16,Kayanza,116.07,55.97,131.08,60.73,172.24,7.5,2910.96,109.11,30.99,0
2022-01-15,Kayanza,226.49,70.01,108.07,93.58,139.3,7.44,2286.83,150.74,21.41,0
2022-02-14,Kayanza,121.92,54.87,142.9,65.53,179.78,7.69,2978.26,142.61,28.05,1
2022-03-16,Kayanza,252.61,79.87,106.6,93.82,140.0,7.22,2264.18,173.29,23.07,0
2022-04-15,Kayanza,223.56,83.47,98.88,91.37,141.84,7.43,2298.48,162.01,23.44,0
2022-05-15,Kayanza,198.34,77.35,103.06,94.47,142.42,7.87,2290.07,200.78,21.37,0
2022-06-14,Kayanza,187.45,77.26,90.93,87.14,138.83,8.52,2283.49,175.07,21.96,0
2022-07-14,Kayanza,172.27,73.27,100.34,85.93,135.96,6.36,2265.72,128.59,22.63,0
2022-08-13,Kayanza,187.14,78.17,95.88,94.3,142.52,5.98,2328.85,124.2,22.65,0
2022-09-12,Kayanza,206.44,78.01,104.06,94.85,139.66,6.52,2317.69,151.81,22.96,0
2022-10-12,Kayanza,198.2,79.95,96.2,93.33,152.64,8.09,2290.41,174.88,21.28,0
2022-11-11,Kayanza,156.72,80.03,103.75,86.91,145.29,7.04,2334.21,129.9,23.0,0
2022-12-11,Kayanza,166.19,71.95,97.11,94.39,150.49,7.68,2342.99,186.92,21.09,0
2023-01-10,Kayanza,245.91,80.46,107.49,92.42,143.35,8.32,2324.48,189.61,21.71,1
2023-02-09,Kayanza,211.96,75.6,99.73,91.1,143.16,6.09,2380.57,174.21,24.45,1
2023-03-11,Kayanza,252.55,82.02,98.61,91.96,147.61,6.61,2412.06,188.42,24.77,1
2023-04-10,Kayanza,250.98,85.71,98.63,88.76,153.25,6.8,2403.68,216.02,24.26,1
2023-05-10,Kayanza,184.24,78.16,92.86,93.93,150.64,6.18,2357.88,202.08,24.02,1
2023-06-09,Kayanza,168.06,77.97,96.24,92.0,155.63,6.78,2385.77,228.8,23.16,1
2023-07-09,Kayanza,165.26,79.32,90.56,90.45,162.19,6.84,2377.83,120.81,22.85,1
2023-08-08,Kayanza,204.97,79.03,95.8,94.02,150.01,8.48,2413.9,199.32,23.86,0
2023-09-07,Kayanza,117.59,61.04,127.14,62.55,200.84,9.47,3130.04,115.09,30.65,0
2023-10-07,Kayanza,127.5,53.77,123.76,61.35,196.31,8.73,3157.02,144.82,30.74,0
2023-11-06,Kayanza,200.66,74.34,98.89,91.54,158.82,6.89,2509.1,206.49,23.96,0
2019-01-01,Muyinga,169.66,39.06,112.44,71.22,103.7,4.14,1922.08,101.86,10.12,0
2019-01-31,Muyinga,173.26,39.39,100.1,70.72,105.86,4.82,1937.27,145.37,9.32,0
2019-03-02,Muyinga,137.58,38.15,105.22,71.07,101.92,5.0,1947.06,184.04,9.38,0
2019-04-01,Muyinga,175.11,36.86,117.48,68.86,98.98,5.54,1923.81,174.7,10.31,1
2019-05-01,Muyinga,180.78,36.02,107.88,71.89,108.43,3.92,1936.2,158.93,9.98,0
2019-05-31,Muyinga,129.57,35.0,104.62,73.15,102.68,4.29,1983.14,97.35,10.51,0
2019-06-30,Muyinga,163.84,35.04,97.2,72.68,109.54,5.32,1929.04,151.44,10.07,1
2019-07-30,Muyinga,152.52,39.14,110.11,68.07,106.87,4.03,1959.23,117.92,8.73,1
2019-08-29,Muyinga,112.13,38.94,117.3,67.95,112.92,4.9,1960.16,89.59,9.56,1
2019-09-28,Muyinga,141.97,33.45,98.46,70.3,106.77,4.33,1968.11,139.85,10.38,1
2019-10-28,Muyinga,154.98,35.51,107.15,69.04,111.55,5.78,2003.26,109.83,9.84,1
2019-11-27,Muyinga,160.53,36.92,106.57,71.6,112.39,4.02,2019.14,105.54,9.96,1
2019-12-27,Muyinga,104.73,25.98,129.96,51.06,142.27,6.3,2595.61,71.8,12.74,1
2020-01-26,Muyinga,100.04,23.34,140.27,47.44,143.61,6.83,2584.54,116.29,11.19,0
2020-02-25,Muyinga,103.67,23.91,136.05,48.55,153.28,5.84,2673.44,123.5,12.26,0
2020-03-26,Muyinga,154.18,40.64,98.82,72.31,114.93,4.64,2053.34,162.29,8.61,0
2020-04-25,Muyinga,174.14,38.5,117.69,72.84,121.23,5.25,2035.42,109.02,10.09,0
2020-05-25,Muyinga,127.28,36.29,117.5,70.99,116.21,4.77,2037.49,127.15,9.31,1
2020-06-24,Muyinga,164.12,36.78,114.6,73.47,114.6,5.16,2068.7,161.44,9.01,0
2020-07-24,Muyinga,147.19,35.94,99.83,72.06,121.84,4.5,2092.55,117.02,9.96,0
2020-08-23,Muyinga,157.15,35.95,104.81,67.85,115.34,4.88,2070.57,144.24,8.63,0
2020-09-22,Muyinga,125.47,34.0,99.57,70.37,120.91,4.67,2102.1,125.06,8.62,0
2020-10-22,Muyinga,161.76,37.84,111.48,69.65,125.34,5.38,2110.8,154.36,8.84,1
2020-11-21,Muyinga,157.56,40.09,99.48,69.32,117.07,4.45,2141.65,126.23,9.26,0
2020-12-21,Muyinga,120.06,36.32,110.81,74.35,128.3,3.93,2161.93,153.79,10.09,0
2021-01-20,Muyinga,151.33,36.42,98.31,69.06,121.83,4.82,2158.66,135.86,8.71,0
2021-02-19,Muyinga,192.55,40.15,118.24,71.3,131.83,4.03,2135.46,119.3,8.97,0
2021-03-21,Muyinga,174.03,40.2,109.35,68.48,130.95,5.12,2146.85,159.71,9.1,0
2021-04-20,Muyinga,191.62,36.53,107.01,73.76,130.66,4.0,2135.44,100.66,9.81,0
2021-05-20,Muyinga,135.71,41.7,108.3,69.15,129.01,5.2,2138.62,119.37,10.14,0
2021-06-19,Muyinga,154.51,37.76,97.84,68.61,129.29,4.29,2145.67,158.56,10.47,1
2021-07-19,Muyinga,164.8,36.36,117.58,68.84,136.91,5.81,2213.09,160.93,9.69,1
2021-08-18,Muyinga,135.57,39.13,98.47,71.85,138.35,4.25,2229.8,149.46,10.4,1
2021-09-17,Muyinga,138.47,42.16,113.2,68.58,132.69,5.28,2191.13,128.29,9.87,1
2021-10-17,Muyinga,143.23,40.65,107.64,67.52,127.42,4.58,2260.9,100.52,9.81,1
2021-11-16,Muyinga,135.08,41.32,112.59,68.11,134.04,3.94,2230.79,137.05,8.83,1
2021-12-16,Muyinga,125.4,29.77,127.22,50.99,174.53,6.04,2944.24,115.12,13.54,0
2022-01-15,Muyinga,125.95,25.79,141.75,48.99,180.89,5.65,2890.84,120.86,11.43,0
2022-02-14,Muyinga,136.45,35.24,100.67,73.59,135.0,5.73,2268.38,137.41,9.71,0
2022-03-16,Muyinga,187.25,37.23,104.5,73.78,145.21,5.62,2263.18,168.92,9.51,0
2022-04-15,Muyinga,148.09,39.7,100.9,69.79,144.97,4.28,2240.89,105.9,10.4,0
2022-05-15,Muyinga,156.68,41.49,114.89,69.8,143.73,5.38,2303.66,109.17,10.27,0
2022-06-14,Muyinga,141.62,38.55,97.7,68.34,145.77,3.88,2291.33,133.23,8.7,0
2022-07-14,Muyinga,131.46,37.67,103.44,69.07,135.87,5.3,2351.61,104.22,9.87,0
2022-08-13,Muyinga,162.03,38.67,103.42,69.75,147.06,5.47,2288.48,110.77,10.32,0
2022-09-12,Muyinga,167.61,41.36,105.36,71.63,147.33,4.03,2331.64,133.17,8.92,0
2022-10-12,Muyinga,147.51,42.99,97.81,69.32,147.48,4.46,2357.04,138.73,8.8,0
2022-11-11,Muyinga,149.25,38.47,116.98,73.31,149.9,5.27,2342.91,156.43,9.93,0
2022-12-11,Muyinga,179.53,37.78,114.27,68.82,145.71,4.53,2401.1,159.57,9.94,0
2023-01-10,Muyinga,169.08,43.19,107.58,70.14,143.98,5.41,2387.68,128.45,8.65,0
2023-02-09,Muyinga,137.61,41.33,117.79,70.54,146.02,5.25,2405.13,146.82,10.45,0
2023-03-11,Muyinga,173.8,41.53,115.47,68.71,155.53,4.96,2374.63,112.65,10.25,1
2023-04-10,Muyinga,158.6,38.19,115.66,72.21,156.51,4.37,2405.96,148.99,10.19,1
2023-05-10,Muyinga,133.75,41.32,98.01,71.33,149.75,4.48,2389.36,148.07,9.24,1
2023-06-09,Muyinga,152.5,36.55,113.77,69.47,152.96,5.21,2396.83,96.48,9.31,1
2023-07-09,Muyinga,159.45,41.45,110.51,68.85,153.73,5.34,2383.87,108.24,9.13,1
2023-08-08,Muyinga,84.14,28.21,130.98,52.03,194.96,6.07,3191.68,94.36,12.23,0
2023-09-07,Muyinga,90.96,26.5,139.48,48.54,199.76,6.7,3233.43,87.97,11.37,1
2023-10-07,Muyinga,93.83,25.9,142.73,50.3,208.45,5.72,3124.5,107.5,11.8,0
2023-11-06,Muyinga,164.55,41.25,103.63,69.36,160.55,5.56,2504.47,95.35,8.9,0
2019-01-01,Ruyigi,129.37,92.14,89.53,84.27,104.58,5.96,1925.82,123.61,13.62,0
2019-01-31,Ruyigi,141.95,81.89,92.93,81.24,103.51,7.24,1904.46,136.51,12.99,0
2019-03-02,Ruyigi,140.69,92.63,96.32,85.86,99.37,6.74,1887.64,135.38,14.16,0
2019-04-01,Ruyigi,143.05,86.59,88.8,82.75,100.4,5.12,1925.33,190.57,13.44,0
2019-05-01,Ruyigi,146.32,99.61,100.56,87.27,107.36,7.28,1941.43,135.48,13.47,0
2019-05-31,Ruyigi,186.39,91.94,86.06,83.6,109.42,6.42,1950.49,137.48,12.82,0
2019-06-30,Ruyigi,173.22,97.0,93.32,85.79,103.33,6.72,1951.33,146.78,13.56,1
2019-07-30,Ruyigi,127.63,97.88,90.27,84.21,101.88,5.71,1966.71,105.96,13.14,1
2019-08-29,Ruyigi,125.42,96.96,92.48,86.0,105.41,5.36,1949.16,103.07,12.34,1
2019-09-28,Ruyigi,169.48,98.07,97.67,81.39,106.7,5.73,1965.64,138.05,13.26,1
2019-10-28,Ruyigi,140.77,98.53,99.63,83.06,114.55,7.33,1981.17,126.72,13.18,1
2019-11-27,Ruyigi,179.26,85.27,92.16,85.14,111.03,5.45,2033.27,159.75,14.05,1
2019-12-27,Ruyigi,112.24,66.41,114.12,60.31,140.93,8.69,2589.88,81.99,15.97,1
2020-01-26,Ruyigi,132.27,65.29,114.15,56.81,139.84,6.99,2671.68,94.41,16.61,0
2020-02-25,Ruyigi,180.64,95.19,89.39,80.94,112.76,5.55,2010.19,210.76,13.47,0
2020-03-26,Ruyigi,175.7,92.03,94.95,86.35,117.32,5.39,2042.51,158.39,14.14,0
2020-04-25,Ruyigi,182.3,86.34,96.17,81.45,114.11,5.32,2067.77,136.07,12.88,0
2020-05-25,Ruyigi,153.63,93.87,92.66,80.61,120.43,5.14,2059.38,165.43,13.5,0
2020-06-24,Ruyigi,149.85,84.7,98.39,84.99,121.97,7.0,2099.44,150.66,12.73,0
2020-07-24,Ruyigi,155.17,88.13,100.87,87.93,118.6,5.15,2071.16,170.72,14.22,0
2020-08-23,Ruyigi,126.04,101.38,92.1,85.04,125.62,5.13,2102.4,103.37,12.84,0
2020-09-22,Ruyigi,146.49,103.84,95.3,83.18,117.61,5.84,2088.8,101.41,12.82,0
2020-10-22,Ruyigi,166.67,97.59,98.12,80.53,118.56,6.61,2107.65,97.64,13.96,0
2020-11-21,Ruyigi,162.56,86.59,99.2,85.4,126.47,6.83,2144.18,145.98,12.22,0
2020-12-21,Ruyigi,176.29,99.59,87.97,82.11,128.84,6.83,2162.75,175.61,13.42,0
2021-01-20,Ruyigi,204.47,96.67,96.68,81.78,124.67,6.74,2117.92,131.1,12.67,0
2021-02-19,Ruyigi,162.53,93.92,101.87,84.75,122.07,5.16,2163.85,153.57,14.01,0
2021-03-21,Ruyigi,208.11,91.18,97.81,82.69,132.58,6.55,2141.36,144.09,12.35,0
2021-04-20,Ruyigi,163.42,97.54,89.75,86.06,132.03,6.9,2188.6,134.23,12.08,0
2021-05-20,Ruyigi,168.89,94.6,85.35,82.65,122.98,7.15,2153.17,165.11,11.95,0
2021-06-19,Ruyigi,158.07,103.72,101.5,83.21,135.21,7.44,2213.44,183.47,12.5,1
2021-07-19,Ruyigi,133.88,88.46,103.58,83.22,134.25,6.97,2225.93,187.54,12.48,0
2021-08-18,Ruyigi,150.42,89.31,85.19,83.51,135.75,6.37,2187.49,151.71,12.46,0
2021-09-17,Ruyigi,170.25,99.01,99.13,80.78,137.48,6.5,2219.11,147.04,14.12,1
2021-10-17,Ruyigi,161.62,106.3,99.02,84.2,136.78,5.93,2198.89,146.92,14.29,1
2021-11-16,Ruyigi,152.81,97.52,88.75,88.89,141.5,6.58,2259.68,163.05,13.41,0
2021-12-16,Ruyigi,128.84,70.43,119.33,61.9,170.92,8.07,2936.85,119.0,17.62,0
2022-01-15,Ruyigi,190.81,99.28,88.14,86.43,136.39,6.62,2281.88,127.99,11.9,0
2022-02-14,Ruyigi,141.83,72.89,129.85,62.02,180.04,8.03,2927.76,91.6,17.36,0
2022-03-16,Ruyigi,222.37,99.34,95.93,83.46,132.77,5.04,2263.54,125.54,13.44,0
2022-04-15,Ruyigi,217.17,101.0,88.74,87.76,145.41,5.45,2301.65,144.02,13.96,0
2022-05-15,Ruyigi,148.05,105.87,96.49,88.7,140.51,7.07,2249.42,143.84,12.02,0
2022-06-14,Ruyigi,196.02,105.18,102.43,81.18,140.38,5.14,2272.4,127.33,13.08,0
2022-07-14,Ruyigi,139.14,91.89,87.54,88.7,146.71,7.37,2302.94,125.21,13.95,0
2022-08-13,Ruyigi,146.68,93.34,87.21,82.63,141.92,6.64,2277.44,114.73,13.98,0
2022-09-12,Ruyigi,147.52,106.0,87.68,81.16,144.78,5.72,2333.4,161.75,12.21,0
2022-10-12,Ruyigi,160.42,91.93,96.52,82.77,145.82,5.17,2333.22,122.73,14.01,1
2022-11-11,Ruyigi,161.36,98.34,98.42,85.32,149.46,6.89,2380.5,128.29,13.26,0
2022-12-11,Ruyigi,210.32,107.08,91.76,82.11,147.84,6.81,2355.3,150.48,14.05,0
2023-01-10,Ruyigi,211.65,97.67,90.95,84.3,152.91,5.28,2336.78,202.85,12.31,0
2023-02-09,Ruyigi,197.9,99.5,96.91,82.4,150.79,5.89,2390.36,129.62,13.35,1
2023-03-11,Ruyigi,177.31,94.27,88.21,87.45,147.76,7.27,2429.32,174.37,12.22,1
2023-04-10,Ruyigi,215.44,97.41,86.4,85.17,157.25,6.94,2362.89,182.3,12.43,1
2023-05-10,Ruyigi,214.25,95.23,89.72,80.46,158.67,6.93,2415.74,183.59,12.25,1
2023-06-09,Ruyigi,167.23,92.27,93.92,88.25,146.92,5.69,2384.77,128.13,14.24,1
2023-07-09,Ruyigi,166.95,105.85,87.68,84.58,153.91,6.45,2470.91,167.76,12.89,1
2023-08-08,Ruyigi,132.39,94.83,91.18,84.78,157.8,7.23,2432.96,138.96,11.98,1
2023-09-07,Ruyigi,109.84,75.48,114.13,56.47,203.06,7.22,3116.77,108.68,15.78,0
2023-10-07,Ruyigi,142.22,98.72,99.86,83.78,161.96,5.28,2477.74,116.94,13.63,0
2023-11-06,Ruyigi,199.7,99.05,86.01,80.62,164.2,6.27,2487.59,121.4,12.76,1
2019-01-01,Cankuzo,221.27,80.0,156.51,78.47,97.77,5.17,1935.22,107.18,11.84,0
2019-01-31,Cankuzo,214.37,80.79,139.86,75.41,96.75,5.54,1891.25,144.39,12.11,0
2019-03-02,Cankuzo,185.25,71.84,157.78,73.28,97.84,4.9,1926.31,130.33,12.41,0
2019-04-01,Cankuzo,215.06,70.13,144.48,77.88,105.59,6.24,1934.51,207.46,12.07,0
2019-05-01,Cankuzo,174.92,66.72,136.97,77.89,103.08,5.45,1967.81,204.06,12.28,0
2019-05-31,Cankuzo,221.72,70.78,136.33,74.22,103.34,5.51,1973.28,123.02,11.88,0
2019-06-30,Cankuzo,179.88,74.2,139.51,77.37,105.3,4.91,1926.99,156.03,12.26,1
2019-07-30,Cankuzo,204.53,76.82,157.87,79.1,107.71,6.02,1997.84,135.49,10.96,0
2019-08-29,Cankuzo,203.79,79.1,133.83,77.23,107.61,4.8,2013.98,114.9,10.37,1
2019-09-28,Cankuzo,194.95,67.76,149.94,76.88,104.68,4.93,1990.9,119.91,12.35,1
2019-10-28,Cankuzo,215.95,71.3,158.98,76.11,108.32,4.65,1959.31,154.6,11.26,1
2019-11-27,Cankuzo,197.17,71.34,147.58,75.56,114.59,6.4,2002.68,131.28,11.04,1
2019-12-27,Cankuzo,123.02,48.26,187.66,53.55,150.56,6.55,2605.74,125.9,15.71,0
2020-01-26,Cankuzo,134.94,57.3,174.51,55.97,149.6,7.46,2581.38,109.92,14.48,0
2020-02-25,Cankuzo,180.49,53.5,197.04,51.33,146.98,6.24,2654.82,145.82,15.23,1
2020-03-26,Cankuzo,207.26,76.4,142.51,79.19,118.62,5.92,2032.16,142.44,10.46,0
2020-04-25,Cankuzo,210.23,78.44,149.92,73.34,114.79,4.95,2023.83,197.31,10.31,0
2020-05-25,Cankuzo,182.88,81.69,146.98,74.58,117.03,6.19,2099.28,132.63,12.23,0
2020-06-24,Cankuzo,234.73,78.13,149.1,75.9,120.98,5.74,2085.7,145.26,11.88,0
2020-07-24,Cankuzo,164.44,81.29,146.5,79.28,118.18,5.39,2115.04,122.66,12.13,0
2020-08-23,Cankuzo,185.54,73.44,147.45,75.3,114.47,5.15,2048.73,178.42,12.41,0
2020-09-22,Cankuzo,198.78,74.15,150.3,78.98,126.41,5.44,2123.29,117.41,12.46,1
2020-10-22,Cankuzo,192.88,79.11,150.79,73.73,127.35,4.95,2119.36,115.56,10.91,0
2020-11-21,Cankuzo,186.61,71.59,135.76,76.01,126.16,6.57,2083.26,134.94,10.44,1
2020-12-21,Cankuzo,216.71,78.53,135.53,74.6,118.09,6.43,2168.41,118.58,10.74,0
2021-01-20,Cankuzo,250.66,75.86,132.26,73.11,125.92,5.43,2097.2,167.32,10.24,0
2021-02-19,Cankuzo,204.83,70.14,147.89,75.85,131.97,5.77,2127.7,185.64,10.83,0
2021-03-21,Cankuzo,213.9,78.17,132.26,76.07,131.22,6.36,2132.72,139.51,12.07,0
2021-04-20,Cankuzo,186.79,76.77,140.6,79.48,122.67,5.01,2187.87,120.52,11.33,0
2021-05-20,Cankuzo,201.47,76.05,146.19,74.04,129.93,6.36,2198.14,126.27,10.55,0
2021-06-19,Cankuzo,194.44,76.41,150.55,73.24,123.95,5.42,2202.23,123.86,11.67,1
2021-07-19,Cankuzo,226.21,84.15,139.43,74.57,129.84,5.08,2209.63,172.39,11.74,1
2021-08-18,Cankuzo,180.98,72.76,152.24,75.57,134.26,5.15,2167.08,179.6,10.57,1
2021-09-17,Cankuzo,221.91,82.88,149.96,77.23,137.87,5.19,2210.64,146.38,11.15,1
2021-10-17,Cankuzo,176.6,79.43,155.51,74.35,139.82,6.1,2251.75,143.3,11.99,0
2021-11-16,Cankuzo,222.57,71.34,156.66,80.41,132.22,5.01,2256.2,122.82,12.18,1
2021-12-16,Cankuzo,248.11,81.45,155.41,75.29,138.4,5.88,2251.25,168.4,11.52,0
2022-01-15,Cankuzo,242.56,74.55,150.92,74.59,138.72,6.23,2226.17,117.29,10.51,0
2022-02-14,Cankuzo,130.03,57.9,182.93,53.53,187.09,6.87,2935.22,81.76,13.52,0
2022-03-16,Cankuzo,186.81,81.24,143.19,77.01,134.48,5.21,2285.38,213.56,10.33,0
2022-04-15,Cankuzo,234.94,80.32,145.33,73.34,134.26,5.9,2265.5,206.21,11.14,0
2022-05-15,Cankuzo,239.61,76.17,146.06,78.15,146.64,6.33,2305.65,176.54,12.36,0
2022-06-14,Cankuzo,168.52,75.97,137.12,77.88,143.9,5.88,2254.51,172.61,10.95,0
2022-07-14,Cankuzo,204.92,77.24,134.7,73.53,147.74,6.62,2322.33,109.88,11.13,0
2022-08-13,Cankuzo,214.62,73.79,130.79,78.26,141.93,5.11,2272.84,141.98,12.15,0
2022-09-12,Cankuzo,195.54,80.27,133.26,77.01,143.26,5.91,2317.14,115.31,10.43,0
2022-10-12,Cankuzo,162.47,75.0,159.49,76.21,146.47,6.52,2383.33,145.51,12.06,0
2022-11-11,Cankuzo,186.17,78.77,150.34,78.03,144.28,4.84,2358.93,112.03,11.53,0
2022-12-11,Cankuzo,229.95,84.56,156.16,76.64,151.41,5.94,2326.47,108.58,10.86,0
2023-01-10,Cankuzo,234.41,86.27,136.5,73.77,155.91,4.78,2363.46,167.55,11.44,1
2023-02-09,Cankuzo,191.01,74.4,147.81,76.98,146.01,5.98,2405.41,119.56,11.35,1
2023-03-11,Cankuzo,212.11,77.81,148.63,79.69,155.68,5.86,2406.46,153.41,11.67,1
2023-04-10,Cankuzo,204.1,84.34,146.97,75.55,158.25,4.58,2376.36,121.07,11.96,1
2023-05-10,Cankuzo,210.34,84.07,142.3,78.6,152.3,5.47,2445.29,135.54,10.49,1
2023-06-09,Cankuzo,255.6,79.37,132.6,75.41,154.09,4.9,2428.26,197.1,11.24,1
2023-07-09,Cankuzo,196.67,75.23,156.46,75.98,153.25,6.03,2416.88,157.01,10.36,1
2023-08-08,Cankuzo,146.31,62.35,175.75,53.53,204.86,7.61,3149.14,87.61,13.65,0
2023-09-07,Cankuzo,212.98,77.04,132.49,77.04,158.5,6.51,2449.02,123.93,12.04,0
2023-10-07,Cankuzo,203.2,88.63,142.31,75.08,152.37,4.88,2444.41,146.59,10.4,0
2023-11-06,Cankuzo,227.34,83.52,154.87,73.42,158.63,5.96,2492.85,168.71,10.84,0
2019-01-01,Rutana,69.1,91.46,160.87,75.71,99.81,7.12,1934.24,39.97,14.37,1
2019-01-31,Rutana,81.31,86.23,137.08,73.98,102.45,6.03,1875.48,62.36,14.16,0
2019-03-02,Rutana,66.4,89.33,134.6,76.81,105.33,6.56,1907.72,71.85,13.25,0
2019-04-01,Rutana,79.96,95.7,150.88,73.79,107.72,6.44,1936.61,51.31,13.44,0
2019-05-01,Rutana,65.71,82.74,151.05,76.39,104.24,5.64,1950.91,45.55,12.96,0
2019-05-31,Rutana,63.62,85.5,144.61,71.09,103.93,6.36,1946.2,54.71,14.0,0
2019-06-30,Rutana,69.63,83.11,135.27,74.98,106.7,7.29,1961.53,71.5,11.93,0
2019-07-30,Rutana,54.07,85.53,149.19,75.51,102.14,7.46,1993.41,46.74,12.0,1
2019-08-29,Rutana,54.2,84.56,148.52,72.54,106.47,7.57,1990.57,64.98,12.17,1
2019-09-28,Rutana,64.28,83.87,133.29,75.7,110.55,6.11,1984.68,47.88,11.86,1
2019-10-28,Rutana,55.7,84.44,161.48,75.17,112.52,5.86,1986.47,43.11,12.05,1
2019-11-27,Rutana,74.59,95.26,149.35,74.24,115.69,5.25,1986.91,48.45,13.85,1
2019-12-27,Rutana,80.82,98.27,139.82,73.68,110.99,7.54,1988.29,66.1,12.67,0
2020-01-26,Rutana,53.39,68.95,204.06,54.01,140.43,8.86,2592.67,39.11,17.21,0
2020-02-25,Rutana,64.34,60.05,199.11,51.56,142.76,7.11,2690.4,52.34,18.43,0
2020-03-26,Rutana,68.71,90.03,152.97,74.31,114.06,5.97,2050.16,64.44,12.22,0
2020-04-25,Rutana,78.63,94.2,139.39,76.23,110.49,5.96,2075.0,63.23,12.48,0
2020-05-25,Rutana,76.54,98.59,154.92,75.25,116.86,5.4,2041.82,55.99,13.37,0
2020-06-24,Rutana,65.1,84.05,147.85,72.83,120.77,5.13,2078.03,70.89,12.25,0
2020-07-24,Rutana,56.63,95.78,149.46,73.74,119.25,7.34,2055.23,37.99,14.06,0
2020-08-23,Rutana,75.41,95.43,157.14,73.91,123.0,7.38,2096.03,41.39,12.5,0
2020-09-22,Rutana,57.86,90.16,149.6,75.08,120.11,6.62,2064.36,37.96,12.25,0
2020-10-22,Rutana,57.98,89.9,145.02,76.75,116.07,6.71,2123.25,60.36,14.24,1
2020-11-21,Rutana,58.77,101.42,146.74,74.91,125.01,6.79,2155.09,69.12,13.69,0
2020-12-21,Rutana,82.88,85.83,140.01,77.39,120.98,5.62,2097.2,68.12,13.11,0
2021-01-20,Rutana,67.79,99.39,155.66,73.03,123.88,5.6,2178.25,63.99,14.25,0
2021-02-19,Rutana,87.33,99.73,153.64,77.89,124.66,5.4,2161.75,69.27,13.31,0
2021-03-21,Rutana,79.74,91.31,145.82,75.51,130.11,5.65,2148.33,53.11,12.32,0
2021-04-20,Rutana,91.67,92.58,155.4,77.38,132.43,5.53,2205.53,56.39,12.69,1
2021-05-20,Rutana,75.84,87.78,140.52,73.07,132.98,7.28,2158.31,71.51,14.05,0
2021-06-19,Rutana,62.49,99.04,161.14,75.79,127.81,6.33,2197.74,56.4,12.11,1
2021-07-19,Rutana,77.64,102.5,137.23,77.8,128.76,6.74,2216.61,63.21,14.28,1
2021-08-18,Rutana,76.29,88.72,154.03,76.23,134.35,5.71,2236.89,41.02,11.94,1
2021-09-17,Rutana,65.22,102.65,144.52,71.96,137.47,6.46,2185.98,57.11,13.14,1
2021-10-17,Rutana,65.92,102.45,157.72,75.99,128.71,7.19,2238.21,57.24,12.75,1
2021-11-16,Rutana,76.08,88.85,145.24,77.3,128.89,7.5,2248.5,57.44,12.51,1
2021-12-16,Rutana,47.36,71.27,188.24,50.22,168.15,8.38,2970.07,36.15,16.55,0
2022-01-15,Rutana,52.91,72.81,192.57,52.14,171.66,9.82,2897.68,30.65,17.6,0
2022-02-14,Rutana,54.44,71.66,180.65,53.77,182.07,7.97,2934.37,36.4,17.9,0
2022-03-16,Rutana,75.57,98.9,162.64,73.95,144.85,5.94,2230.06,50.71,12.9,0
2022-04-15,Rutana,64.46,105.28,158.14,76.23,135.35,5.37,2240.57,69.08,14.23,0
2022-05-15,Rutana,66.11,97.63,143.49,73.5,142.71,6.89,2253.84,42.45,14.4,0
2022-06-14,Rutana,61.14,91.52,134.32,73.62,146.29,5.93,2293.87,61.95,13.13,0
2022-07-14,Rutana,81.2,88.17,156.19,74.14,149.99,6.29,2353.46,61.37,12.45,0
2022-08-13,Rutana,81.65,104.93,136.05,75.96,141.78,5.08,2309.05,43.04,13.94,0
2022-09-12,Rutana,76.17,88.31,142.28,72.5,141.14,5.24,2298.37,52.12,12.56,0
2022-10-12,Rutana,65.1,105.68,159.96,74.38,143.52,5.34,2379.38,37.68,12.58,0
2022-11-11,Rutana,66.22,91.86,156.35,71.62,148.98,5.38,2306.19,66.32,12.3,0
2022-12-11,Rutana,76.59,90.32,161.44,72.55,153.32,5.49,2389.36,39.67,13.14,0
2023-01-10,Rutana,92.91,106.92,157.42,77.32,144.52,5.79,2345.53,54.5,12.83,0
2023-02-09,Rutana,70.89,102.8,138.13,73.02,150.05,7.08,2397.75,66.21,12.21,1
2023-03-11,Rutana,69.49,96.76,145.41,71.0,147.59,7.49,2427.77,56.18,11.91,1
2023-04-10,Rutana,78.8,108.27,137.35,76.39,146.05,7.55,2382.66,70.95,12.7,1
2023-05-10,Rutana,69.9,92.5,160.93,77.54,158.93,6.65,2433.14,43.63,12.68,1
2023-06-09,Rutana,80.19,96.86,137.56,75.15,158.84,6.03,2377.51,45.84,12.42,1
2023-07-09,Rutana,76.53,101.93,153.77,73.41,160.02,5.58,2419.5,62.85,12.27,1
2023-08-08,Rutana,45.74,72.64,174.1,53.09,199.07,6.77,3175.49,30.26,16.66,1
2023-09-07,Rutana,63.27,92.04,160.12,70.75,156.75,5.38,2422.72,63.33,12.22,0
2023-10-07,Rutana,76.74,101.39,159.34,74.83,158.55,5.56,2418.28,63.98,12.66,0
2023-11-06,Rutana,80.49,97.39,161.34,76.2,160.55,7.3,2416.17,45.48,13.02,0
2019-01-01,Bururi,152.0,101.2,111.18,80.61,103.12,7.28,1894.96,141.13,14.38,0
2019-01-31,Bururi,199.99,96.03,114.96,80.95,104.48,7.44,1875.23,115.35,15.29,0
2019-03-02,Bururi,193.84,91.22,112.62,76.09,104.54,7.91,1896.28,111.0,15.52,0
2019-04-01,Bururi,158.5,102.89,114.38,82.14,102.25,7.69,1959.2,130.33,15.39,0
2019-05-01,Bururi,173.21,87.18,103.22,74.63,99.21,9.25,1918.03,139.27,15.78,0
2019-05-31,Bururi,147.59,98.78,111.86,80.37,107.83,9.25,1953.23,110.92,15.22,1
2019-06-30,Bururi,189.52,87.45,105.89,81.03,107.03,7.44,1954.92,141.56,14.31,1
2019-07-30,Bururi,130.01,100.1,117.29,76.05,106.25,6.73,1982.75,113.24,15.18,1
2019-08-29,Bururi,132.66,86.32,105.76,79.02,111.87,8.29,1970.89,135.61,15.43,1
2019-09-28,Bururi,149.68,90.63,99.86,80.33,104.87,7.16,1988.08,109.12,15.08,1
2019-10-28,Bururi,143.3,97.64,119.97,80.34,114.65,8.58,2002.32,86.92,15.27,1
2019-11-27,Bururi,163.31,95.4,110.29,77.25,111.21,6.83,2028.97,89.98,13.55,1
2019-12-27,Bururi,112.94,64.05,144.22,54.15,151.9,11.81,2618.45,73.27,20.13,1
2020-01-26,Bururi,113.88,72.83,128.65,55.28,150.44,10.04,2586.93,110.12,19.28,0
2020-02-25,Bururi,179.3,94.79,100.34,75.46,117.85,6.96,2008.19,127.21,15.58,1
2020-03-26,Bururi,188.7,89.01,99.5,75.04,118.84,6.58,2005.34,123.62,15.8,0
2020-04-25,Bururi,175.52,87.65,108.55,79.16,116.82,7.25,2036.86,96.9,14.39,1
2020-05-25,Bururi,194.14,105.74,119.97,81.42,118.18,8.39,2043.79,132.18,14.65,0
2020-06-24,Bururi,184.66,92.68,105.67,81.89,112.76,7.72,2105.2,124.46,14.92,0
2020-07-24,Bururi,149.35,103.93,110.96,78.67,114.23,6.27,2119.09,102.71,15.09,1
2020-08-23,Bururi,164.74,105.69,111.32,75.62,120.98,8.6,2082.18,130.92,15.22,0
2020-09-22,Bururi,159.02,90.28,105.49,76.21,125.95,8.58,2114.31,92.51,13.85,0
2020-10-22,Bururi,152.49,92.3,112.22,74.94,119.88,7.67,2079.3,137.62,13.92,0
2020-11-21,Bururi,141.53,103.1,108.03,79.07,117.11,6.32,2113.91,131.96,15.92,1
2020-12-21,Bururi,171.94,106.13,107.21,81.14,119.46,9.12,2149.4,147.64,15.3,0
2021-01-20,Bururi,209.37,93.81,105.98,80.13,128.32,9.1,2112.26,144.48,15.49,1
2021-02-19,Bururi,176.38,94.13,105.38,82.35,127.8,8.45,2187.93,117.49,15.67,0
2021-03-21,Bururi,215.03,92.29,119.48,76.34,124.79,8.57,2147.34,136.74,14.62,0
2021-04-20,Bururi,165.26,90.05,105.28,78.35,123.75,7.32,2157.33,93.15,15.03,0
2021-05-20,Bururi,154.5,100.9,113.28,77.92,131.59,7.49,2175.9,86.34,15.35,0
2021-06-19,Bururi,139.66,96.54,120.17,77.93,130.03,9.04,2203.99,122.48,15.66,1
2021-07-19,Bururi,160.21,98.84,107.16,82.22,133.58,6.47,2226.36,109.6,13.51,1
2021-08-18,Bururi,151.83,107.04,103.17,81.12,132.76,6.39,2245.6,107.43,14.16,1
2021-09-17,Bururi,177.22,95.82,102.92,75.64,130.31,8.64,2210.99,87.88,13.79,1
2021-10-17,Bururi,185.37,96.76,120.37,78.44,129.7,8.98,2219.47,120.03,16.21,0
2021-11-16,Bururi,137.75,104.5,104.88,76.07,128.78,6.28,2257.01,86.57,14.69,1
2021-12-16,Bururi,98.32,74.17,128.61,56.43,183.75,9.83,2918.74,80.58,18.79,0
2022-01-15,Bururi,119.18,71.94,154.74,57.53,178.26,9.91,2901.04,109.42,17.84,0
2022-02-14,Bururi,172.22,98.73,120.6,75.06,139.08,6.47,2229.75,122.24,14.81,0
2022-03-16,Bururi,177.54,92.5,105.35,82.22,145.18,7.26,2276.93,159.96,13.32,0
2022-04-15,Bururi,223.63,92.76,102.24,82.17,140.53,6.26,2257.9,123.03,15.35,0
2022-05-15,Bururi,219.96,96.91,110.5,78.82,139.67,6.74,2333.23,148.55,14.78,0
2022-06-14,Bururi,156.05,102.28,113.94,78.67,148.96,8.12,2287.13,135.79,13.81,0
2022-07-14,Bururi,156.5,100.2,115.84,78.43,147.2,8.01,2293.92,131.52,14.01,0
2022-08-13,Bururi,160.87,96.9,98.9,79.72,144.16,7.6,2361.3,111.17,15.86,0
2022-09-12,Bururi,162.9,109.46,111.49,80.27,143.14,6.5,2323.58,98.4,15.87,0
2022-10-12,Bururi,191.26,111.5,104.13,77.36,151.78,9.22,2331.71,95.17,14.86,0
2022-11-11,Bururi,152.72,107.17,99.83,75.01,145.33,7.31,2329.2,110.29,14.25,0
2022-12-11,Bururi,163.6,112.25,107.71,78.12,149.13,9.27,2331.65,129.42,15.42,0
2023-01-10,Bururi,155.63,106.34,100.1,79.31,152.57,6.87,2397.82,88.03,15.8,0
2023-02-09,Bururi,171.32,95.35,119.61,75.2,145.49,7.3,2386.42,130.25,13.67,1
2023-03-11,Bururi,175.41,97.17,107.72,80.16,146.73,7.35,2374.1,165.11,16.13,1
2023-04-10,Bururi,173.81,94.34,105.65,76.72,152.09,8.63,2428.31,153.08,14.37,1
2023-05-10,Bururi,173.6,94.37,114.08,74.7,151.61,7.24,2422.09,142.14,14.2,1
2023-06-09,Bururi,164.28,102.53,114.64,80.07,161.51,6.92,2428.67,124.41,16.01,1
2023-07-09,Bururi,187.55,105.24,104.72,78.35,152.42,8.02,2460.19,115.5,15.17,1
2023-08-08,Bururi,146.58,103.85,105.5,76.05,156.06,7.22,2408.47,104.32,13.7,0
2023-09-07,Bururi,122.82,67.2,150.43,56.68,209.57,8.54,3192.22,88.29,19.51,0
2023-10-07,Bururi,116.62,66.27,146.53,52.69,204.07,9.26,3192.09,58.22,19.95,0
2023-11-06,Bururi,148.51,96.3,101.89,81.52,159.45,7.67,2421.79,120.84,15.87,0
2019-01-01,Makamba,137.29,28.33,89.81,73.62,102.1,3.0,1917.93,60.86,10.48,0
2019-01-31,Makamba,181.55,24.84,83.99,74.3,96.2,3.82,1926.71,88.77,11.17,0
2019-03-02,Makamba,129.7,27.81,90.44,72.28,98.21,3.76,1956.04,95.33,10.08,1
2019-04-01,Makamba,150.48,27.89,91.41,70.94,98.42,3.44,1926.11,97.28,10.49,0
2019-05-01,Makamba,159.22,23.95,96.17,70.24,103.77,3.34,1952.15,83.88,10.64,0
2019-05-31,Makamba,141.36,24.31,90.6,67.95,106.03,4.07,1977.95,71.61,10.12,1
2019-06-30,Makamba,155.58,28.03,83.38,70.67,109.59,4.08,1936.9,72.48,9.57,1
2019-07-30,Makamba,161.42,28.08,92.44,68.02,110.68,3.46,1954.1,68.7,9.37,1
2019-08-29,Makamba,137.95,24.78,82.39,68.98,103.22,3.67,2002.9,45.65,9.28,1
2019-09-28,Makamba,148.7,25.57,85.22,71.92,106.54,2.87,2004.18,68.09,10.37,1
2019-10-28,Makamba,143.47,24.98,85.28,68.57,105.93,3.79,2023.62,82.1,10.46,1
2019-11-27,Makamba,117.68,28.26,89.25,72.08,114.12,3.83,2031.32,49.04,10.71,1
2019-12-27,Makamba,155.64,25.66,95.92,67.91,112.89,3.07,2031.1,56.67,9.66,0
2020-01-26,Makamba,96.01,17.36,120.14,49.87,152.95,3.96,2645.9,43.42,12.35,0
2020-02-25,Makamba,123.99,18.01,113.04,49.39,155.37,4.23,2621.21,48.84,13.43,0
2020-03-26,Makamba,190.13,25.55,94.82,68.41,116.8,4.12,2015.44,99.13,10.1,0
2020-04-25,Makamba,172.79,25.79,82.39,69.83,111.28,3.04,2019.55,72.91,10.8,0
2020-05-25,Makamba,133.14,27.68,82.55,68.37,113.1,4.15,2088.01,67.4,10.52,0
2020-06-24,Makamba,159.65,27.94,90.13,69.57,112.56,3.48,2103.39,73.28,10.88,0
2020-07-24,Makamba,122.81,28.05,90.93,74.65,124.78,3.81,2059.16,78.8,9.4,0
2020-08-23,Makamba,159.13,26.43,90.16,70.74,119.25,3.28,2111.91,81.07,11.1,0
2020-09-22,Makamba,155.19,28.4,83.52,68.15,118.19,4.13,2110.68,71.71,9.71,0
2020-10-22,Makamba,111.33,26.49,90.1,68.71,125.94,3.17,2121.85,60.6,10.4,0
2020-11-21,Makamba,115.37,29.45,83.82,73.51,129.14,3.14,2098.6,73.36,11.15,0
2020-12-21,Makamba,150.99,28.88,81.47,74.63,129.76,3.07,2110.93,53.47,9.74,0
2021-01-20,Makamba,150.94,25.07,85.1,74.66,126.62,3.43,2108.99,95.41,10.86,0
2021-02-19,Makamba,136.21,24.95,81.2,71.81,131.4,3.54,2176.45,73.96,10.63,0
2021-03-21,Makamba,145.09,26.67,90.28,68.17,125.24,3.59,2199.3,76.2,10.85,0
2021-04-20,Makamba,184.7,28.0,94.66,70.6,129.34,3.73,2158.84,60.13,9.37,1
2021-05-20,Makamba,183.75,26.08,82.8,72.91,126.68,3.55,2146.13,94.24,10.92,0
2021-06-19,Makamba,146.85,29.03,81.61,67.73,123.76,3.67,2181.1,71.11,9.2,1
2021-07-19,Makamba,157.85,27.32,91.95,69.33,135.1,3.67,2169.11,56.27,10.46,1
2021-08-18,Makamba,135.14,26.35,94.32,72.44,131.31,3.53,2177.93,69.15,9.91,1
2021-09-17,Makamba,136.97,27.66,89.03,74.2,137.0,3.48,2232.86,66.59,10.19,1
2021-10-17,Makamba,138.36,26.38,95.16,70.06,140.06,3.59,2234.7,65.91,9.44,1
2021-11-16,Makamba,122.83,28.53,86.93,73.21,131.23,3.07,2224.14,83.94,10.63,1
2021-12-16,Makamba,90.03,21.42,118.03,48.79,178.32,3.89,2968.91,39.64,13.65,0
2022-01-15,Makamba,126.18,20.24,116.84,51.82,170.6,4.3,2897.48,66.85,12.97,0
2022-02-14,Makamba,104.21,18.58,109.23,49.42,174.63,3.72,2983.91,68.46,12.84,0
2022-03-16,Makamba,137.0,29.06,93.59,68.72,134.27,3.96,2281.06,56.25,10.45,0
2022-04-15,Makamba,160.01,29.62,93.33,70.52,146.26,3.41,2304.79,75.7,11.01,0
2022-05-15,Makamba,136.51,30.61,93.59,73.31,136.78,3.98,2321.57,64.52,11.12,1
2022-06-14,Makamba,134.15,28.42,89.2,72.27,135.14,4.2,2257.12,55.28,9.21,0
2022-07-14,Makamba,174.14,29.2,93.54,67.77,143.6,3.49,2308.4,49.68,10.58,0
2022-08-13,Makamba,158.18,28.23,81.71,72.29,139.28,4.07,2328.49,51.04,11.14,0
2022-09-12,Makamba,117.06,29.08,83.53,73.4,149.61,4.22,2327.67,61.6,10.72,0
2022-10-12,Makamba,146.23,28.68,80.65,70.65,151.16,4.05,2299.54,48.48,9.72,0
2022-11-11,Makamba,127.36,29.72,80.86,72.11,144.88,3.95,2321.5,72.41,9.66,0
2022-12-11,Makamba,181.3,26.39,94.31,71.9,142.48,3.44,2324.04,78.81,10.73,0
2023-01-10,Makamba,166.32,30.37,95.53,71.33,155.71,3.6,2355.49,89.3,10.19,0
2023-02-09,Makamba,171.34,30.61,93.7,70.55,147.5,3.53,2381.91,64.44,10.8,1
2023-03-11,Makamba,162.87,26.42,83.28,74.43,148.06,3.08,2380.75,68.43,9.25,1
2023-04-10,Makamba,175.68,29.03,85.35,70.86,159.08,3.37,2370.85,64.68,10.11,1
2023-05-10,Makamba,147.47,29.99,79.45,70.66,157.22,3.32,2409.63,60.79,10.69,0
2023-06-09,Makamba,181.94,27.09,94.45,70.18,157.43,3.29,2452.18,54.59,9.55,1
2023-07-09,Makamba,126.37,27.13,95.67,74.63,153.08,4.15,2426.84,57.6,10.61,1
2023-08-08,Makamba,92.7,20.95,103.99,47.94,192.74,5.53,3199.83,52.72,13.29,0
2023-09-07,Makamba,131.86,28.27,92.37,71.52,150.37,2.86,2402.66,59.91,11.08,0
2023-10-07,Makamba,101.3,19.77,105.28,51.74,211.22,4.0,3187.86,44.64,13.59,0
2023-11-06,Makamba,157.72,29.33,79.97,68.12,154.03,2.88,2484.45,75.79,9.46,0
2019-01-01,Rumonge,87.47,40.18,90.46,75.76,101.26,2.9,1925.57,124.23,13.22,0
2019-01-31,Rumonge,66.89,41.51,93.9,80.05,98.07,2.99,1945.41,92.36,13.94,0
2019-03-02,Rumonge,73.4,41.04,90.52,80.87,103.46,3.93,1952.58,149.46,12.24,0
2019-04-01,Rumonge,92.11,41.78,89.1,80.92,102.0,4.12,1940.09,102.33,14.33,0
2019-05-01,Rumonge,74.97,43.58,88.68,79.28,100.08,3.39,1926.43,155.96,13.95,0
2019-05-31,Rumonge,73.5,43.41,90.64,81.67,107.18,3.09,1937.12,98.88,13.49,0
2019-06-30,Rumonge,88.5,47.13,95.29,79.93,110.36,3.6,1931.52,114.37,14.05,1
2019-07-30,Rumonge,74.78,47.99,105.11,82.64,102.66,3.59,1985.42,135.24,13.43,1
2019-08-29,Rumonge,76.03,46.77,89.36,79.02,104.48,3.3,1937.91,105.92,13.28,1
2019-09-28,Rumonge,71.47,47.91,91.88,76.3,112.83,3.04,2023.21,133.82,13.15,1
2019-10-28,Rumonge,57.23,43.2,100.12,78.12,114.71,2.91,1998.94,118.8,13.55,1
2019-11-27,Rumonge,67.24,48.16,91.48,81.9,111.7,3.9,2021.63,96.61,13.33,1
2019-12-27,Rumonge,62.28,31.3,117.61,54.9,152.18,4.26,2656.75,106.09,16.58,1
2020-01-26,Rumonge,51.05,33.46,125.2,55.43,150.98,4.37,2624.57,83.92,16.64,0
2020-02-25,Rumonge,54.08,31.88,130.98,54.24,144.9,5.38,2666.53,98.16,17.6,1
2020-03-26,Rumonge,86.87,45.5,98.32,78.19,110.19,3.1,2079.33,128.24,13.06,1
2020-04-25,Rumonge,66.92,47.48,98.17,79.38,113.02,3.87,2024.77,109.09,13.04,0
2020-05-25,Rumonge,71.46,46.92,100.37,81.88,116.04,2.93,2042.84,166.81,13.4,0
2020-06-24,Rumonge,60.91,45.85,88.42,79.86,122.97,4.19,2074.36,120.25,14.32,0
2020-07-24,Rumonge,59.63,45.46,92.37,79.07,118.47,3.64,2068.58,93.57,13.16,0
2020-08-23,Rumonge,74.12,44.38,105.91,82.58,116.51,2.88,2110.17,134.81,14.38,0
2020-09-22,Rumonge,71.42,46.22,88.23,77.3,120.51,3.71,2104.31,127.17,12.57,0
2020-10-22,Rumonge,58.32,45.24,102.3,80.84,127.99,3.21,2108.85,101.14,12.99,0
2020-11-21,Rumonge,78.12,49.65,91.65,82.27,117.59,4.08,2104.02,104.14,13.18,0
2020-12-21,Rumonge,62.85,44.84,104.38,78.48,120.27,3.42,2118.26,154.09,13.84,0
2021-01-20,Rumonge,96.49,45.98,88.82,77.42,124.2,3.04,2175.77,150.25,12.54,0
2021-02-19,Rumonge,91.11,50.48,104.86,79.43,129.46,3.62,2151.53,103.04,12.17,0
2021-03-21,Rumonge,77.04,42.02,101.77,75.6,128.21,3.58,2196.94,134.39,12.0,0
2021-04-20,Rumonge,95.48,51.19,96.07,77.88,133.21,3.09,2176.0,126.44,11.94,0
2021-05-20,Rumonge,73.7,48.39,106.17,77.47,133.02,2.9,2178.82,96.14,14.29,0
2021-06-19,Rumonge,82.51,49.77,100.3,83.03,132.78,4.13,2186.5,95.0,13.22,1
2021-07-19,Rumonge,76.6,46.66,99.82,75.42,127.0,3.52,2234.05,108.99,12.95,1
2021-08-18,Rumonge,74.11,45.03,95.69,77.07,138.15,3.01,2192.7,80.61,12.42,1
2021-09-17,Rumonge,61.85,43.06,96.93,75.42,127.48,3.96,2237.54,138.66,14.08,1
2021-10-17,Rumonge,58.63,49.76,104.16,81.68,134.11,3.15,2253.71,128.02,14.41,1
2021-11-16,Rumonge,66.26,44.46,103.13,76.82,129.15,4.23,2190.07,140.74,12.79,1
2021-12-16,Rumonge,63.77,35.91,114.22,53.16,172.39,4.9,2959.87,84.26,17.46,0
2022-01-15,Rumonge,68.6,31.62,126.53,53.22,179.15,4.59,2885.32,87.51,16.53,0
2022-02-14,Rumonge,48.14,34.95,132.05,54.77,171.38,5.05,2992.82,79.19,16.49,0
2022-03-16,Rumonge,89.49,44.25,94.63,80.87,139.84,3.37,2263.26,140.73,11.85,1
2022-04-15,Rumonge,99.03,43.6,101.46,82.64,136.79,3.35,2286.29,164.72,14.31,0
2022-05-15,Rumonge,69.43,49.32,95.68,79.08,134.64,3.09,2316.11,125.93,12.63,0
2022-06-14,Rumonge,90.62,50.18,92.99,76.27,138.48,4.12,2306.5,125.82,13.4,0
2022-07-14,Rumonge,84.82,48.11,89.96,76.37,143.53,4.14,2290.8,143.16,13.84,0
2022-08-13,Rumonge,59.27,44.15,101.88,76.93,142.15,3.53,2338.91,86.52,12.9,0
2022-09-12,Rumonge,73.0,51.12,91.03,81.75,147.8,3.61,2346.08,105.15,12.2,0
2022-10-12,Rumonge,73.75,49.49,94.27,82.53,147.28,2.94,2332.31,129.99,13.92,0
2022-11-11,Rumonge,88.11,46.0,95.69,82.47,152.82,3.79,2380.19,88.26,14.11,0
2022-12-11,Rumonge,69.92,45.81,95.83,77.33,145.34,3.01,2336.79,128.69,13.0,0
2023-01-10,Rumonge,92.73,52.23,102.43,77.98,152.64,3.04,2330.52,117.51,13.96,0
2023-02-09,Rumonge,72.23,44.93,104.42,80.37,146.3,3.61,2377.62,146.52,12.45,1
2023-03-11,Rumonge,81.99,50.48,88.0,78.3,148.76,3.59,2343.75,159.3,12.41,1
2023-04-10,Rumonge,98.49,49.28,102.12,80.59,149.8,3.96,2374.34,139.75,13.79,1
2023-05-10,Rumonge,78.32,48.37,103.62,82.72,153.69,3.76,2442.27,98.31,12.44,1
2023-06-09,Rumonge,91.63,52.34,95.77,76.05,153.04,3.15,2392.85,143.49,12.03,1
2023-07-09,Rumonge,74.97,49.88,89.43,78.02,148.64,4.18,2452.27,114.34,12.42,1
2023-08-08,Rumonge,45.0,34.76,137.9,52.76,197.49,5.39,3120.0,60.56,17.33,0
2023-09-07,Rumonge,61.55,35.62,115.87,58.25,202.22,4.2,3181.3,68.58,15.68,1
2023-10-07,Rumonge,59.28,34.94,139.3,54.33,200.89,3.96,3143.48,68.7,18.09,0
2023-11-06,Rumonge,92.54,46.66,104.86,77.95,152.84,4.05,2473.9,93.6,12.96,0
2019-01-01,Cibitoke,148.7,58.85,160.44,74.5,103.05,4.71,1903.84,146.2,14.47,0
2019-01-31,Cibitoke,156.51,56.02,142.85,74.66,99.11,3.47,1911.55,94.28,13.89,0
2019-03-02,Cibitoke,172.62,55.74,158.2,73.08,101.25,3.86,1904.91,154.72,13.71,1
2019-04-01,Cibitoke,198.63,56.35,138.23,69.48,107.45,4.72,1944.68,133.08,15.12,0
2019-05-01,Cibitoke,208.57,53.49,158.54,69.21,101.02,4.42,1930.64,167.28,13.82,0
2019-05-31,Cibitoke,198.73,61.43,139.0,70.42,106.25,3.57,1983.96,160.35,14.06,0
2019-06-30,Cibitoke,135.51,61.61,140.1,70.77,105.46,4.29,1923.48,102.24,16.36,1
2019-07-30,Cibitoke,172.03,51.58,144.09,72.28,104.59,4.81,1977.03,86.33,16.29,1
2019-08-29,Cibitoke,123.8,57.54,143.38,70.6,104.54,4.26,2012.2,111.9,13.81,1
2019-09-28,Cibitoke,137.67,61.36,147.3,69.18,105.63,4.57,1966.88,127.7,14.18,1
2019-10-28,Cibitoke,147.49,62.49,162.14,69.28,108.44,3.55,1995.8,109.05,16.27,1
2019-11-27,Cibitoke,148.59,57.42,161.08,73.56,105.49,3.83,1998.23,97.33,14.16,0
2019-12-27,Cibitoke,104.13,36.73,183.59,51.47,150.72,5.33,2609.41,110.14,18.41,0
2020-01-26,Cibitoke,150.29,56.34,161.51,72.19,112.0,4.85,1986.95,106.08,15.26,0
2020-02-25,Cibitoke,172.35,59.57,155.16,72.35,111.95,3.46,2027.07,103.28,16.41,0
2020-03-26,Cibitoke,168.57,61.05,149.19,70.01,118.59,4.74,2056.63,97.95,15.26,0
2020-04-25,Cibitoke,153.83,54.92,160.67,67.94,118.93,4.09,2047.63,93.58,16.02,0
2020-05-25,Cibitoke,177.12,60.25,155.3,74.62,117.37,3.96,2098.91,139.35,14.45,0
2020-06-24,Cibitoke,189.08,56.69,154.04,71.16,114.45,4.3,2034.61,115.93,15.2,0
2020-07-24,Cibitoke,174.03,62.24,157.35,68.08,115.36,4.19,2116.69,139.52,16.09,0
2020-08-23,Cibitoke,148.18,58.18,139.02,68.02,125.36,3.7,2068.26,83.77,16.35,0
2020-09-22,Cibitoke,160.59,63.46,144.64,72.24,115.42,3.61,2127.32,127.67,14.61,0
2020-10-22,Cibitoke,155.12,52.88,141.53,69.29,118.96,4.64,2090.41,91.02,15.08,0
2020-11-21,Cibitoke,143.01,53.9,144.96,73.14,123.62,4.65,2157.45,136.57,15.38,0
2020-12-21,Cibitoke,137.28,64.69,145.77,68.89,126.07,3.77,2135.3,128.65,14.9,0
2021-01-20,Cibitoke,160.33,58.48,150.37,72.54,128.55,3.96,2149.99,101.48,16.37,0
2021-02-19,Cibitoke,200.34,53.52,140.45,71.28,130.77,4.18,2183.92,131.58,15.03,0
2021-03-21,Cibitoke,208.64,56.31,161.18,74.3,132.63,4.16,2171.78,156.99,13.95,0
2021-04-20,Cibitoke,149.88,59.4,138.95,69.11,126.27,4.02,2176.67,98.95,15.07,0
2021-05-20,Cibitoke,183.6,61.17,150.94,73.07,126.88,4.57,2169.65,127.18,15.51,1
2021-06-19,Cibitoke,180.63,61.06,143.57,68.41,124.68,4.83,2201.54,94.93,14.63,1
2021-07-19,Cibitoke,183.69,54.31,141.39,74.15,124.57,3.64,2234.79,124.08,14.34,0
2021-08-18,Cibitoke,126.56,56.82,160.64,70.77,134.91,4.82,2195.89,91.01,15.11,1
2021-09-17,Cibitoke,172.75,54.78,155.0,71.88,138.42,3.51,2216.51,135.11,14.79,1
2021-10-17,Cibitoke,129.68,57.43,144.01,74.55,131.09,4.07,2238.23,89.06,15.02,1
2021-11-16,Cibitoke,187.11,61.73,154.3,68.7,141.02,3.52,2257.03,99.78,16.37,1
2021-12-16,Cibitoke,106.92,41.75,198.6,51.31,169.8,6.36,2960.09,73.8,20.85,0
2022-01-15,Cibitoke,117.31,42.99,202.95,49.51,180.4,5.8,2951.67,65.72,20.99,0
2022-02-14,Cibitoke,168.29,60.34,160.8,70.5,141.45,3.46,2258.83,172.07,15.88,0
2022-03-16,Cibitoke,190.45,57.43,146.55,73.37,142.77,3.68,2308.85,141.98,14.7,0
2022-04-15,Cibitoke,196.29,61.5,148.84,71.4,135.47,4.65,2283.81,103.46,15.86,0
2022-05-15,Cibitoke,215.0,59.29,138.37,71.5,135.54,4.85,2260.52,109.35,14.78,0
2022-06-14,Cibitoke,194.51,60.47,139.42,69.71,142.13,3.55,2309.27,127.11,15.71,0
2022-07-14,Cibitoke,192.92,66.56,141.63,68.74,140.17,4.78,2352.09,141.22,13.89,0
2022-08-13,Cibitoke,154.63,55.22,147.53,68.13,144.63,3.86,2315.54,119.28,16.17,0
2022-09-12,Cibitoke,153.32,65.26,161.36,68.65,145.46,3.77,2285.33,121.19,16.16,0
2022-10-12,Cibitoke,180.11,65.79,161.62,69.69,151.9,3.83,2341.89,81.57,13.69,0
2022-11-11,Cibitoke,163.12,58.56,140.01,72.58,139.66,4.64,2307.01,94.67,14.72,0
2022-12-11,Cibitoke,165.72,59.46,163.1,72.38,140.95,4.01,2391.34,107.72,13.84,0
2023-01-10,Cibitoke,192.91,62.66,135.92,68.8,150.83,3.65,2365.89,131.86,14.41,0
2023-02-09,Cibitoke,218.15,64.65,136.65,68.56,149.89,3.57,2420.44,105.65,15.02,1
2023-03-11,Cibitoke,205.43,57.41,147.17,69.76,156.86,3.37,2423.96,161.39,14.45,1
2023-04-10,Cibitoke,156.45,67.93,150.04,69.96,149.91,3.41,2440.86,96.15,15.53,1
2023-05-10,Cibitoke,219.88,59.08,150.21,71.24,156.1,3.42,2374.06,106.41,15.78,1
2023-06-09,Cibitoke,183.08,58.8,160.04,74.52,154.28,3.89,2387.33,89.25,14.37,1
2023-07-09,Cibitoke,171.54,68.01,146.15,72.75,154.83,4.15,2400.0,113.03,14.97,1
2023-08-08,Cibitoke,106.34,39.79,193.88,50.18,196.08,5.93,3222.93,99.1,18.4,0
2023-09-07,Cibitoke,110.58,44.24,207.59,49.86,201.51,5.35,3184.0,62.67,21.15,0
2023-10-07,Cibitoke,96.19,44.88,179.32,47.85,205.96,5.16,3197.62,58.92,19.31,0
2023-11-06,Cibitoke,203.71,63.68,154.84,70.12,152.56,4.92,2439.46,110.86,15.51,1
2019-01-01,Bubanza,154.38,57.46,103.27,72.06,99.05,2.81,1878.48,203.01,20.48,0
2019-01-31,Bubanza,187.49,62.1,98.41,69.78,104.28,2.96,1912.82,170.8,17.53,1
2019-03-02,Bubanza,203.17,59.34,103.26,70.76,101.14,2.94,1908.85,152.24,18.01,0
2019-04-01,Bubanza,202.41,60.6,98.68,69.35,100.02,2.41,1959.11,167.5,17.7,0
2019-05-01,Bubanza,159.88,65.2,91.02,68.92,105.51,2.78,1954.12,207.11,17.81,0
2019-05-31,Bubanza,153.99,64.02,98.22,69.88,106.09,3.42,1986.36,205.98,18.36,0
2019-06-30,Bubanza,156.73,63.42,96.83,74.5,104.6,2.82,1947.88,221.47,19.29,1
2019-07-30,Bubanza,154.28,67.86,90.29,74.19,107.14,2.85,1966.28,192.63,16.9,1
2019-08-29,Bubanza,155.8,61.93,92.28,71.11,107.96,2.86,1990.12,160.31,20.45,1
2019-09-28,Bubanza,176.49,59.05,97.43,70.37,109.76,3.4,1952.01,123.3,20.03,1
2019-10-28,Bubanza,170.6,64.74,106.1,68.86,105.93,3.04,2030.62,159.71,18.07,1
2019-11-27,Bubanza,195.22,68.64,109.33,68.12,106.7,3.11,2030.2,152.49,17.74,1
2019-12-27,Bubanza,166.48,64.51,100.68,73.18,110.37,3.11,2020.88,189.52,19.25,0
2020-01-26,Bubanza,156.66,61.01,99.48,73.98,115.27,3.32,2011.44,182.4,18.32,0
2020-02-25,Bubanza,198.58,71.02,92.85,68.3,117.19,2.68,2059.81,224.71,20.39,0
2020-03-26,Bubanza,206.95,64.36,102.07,71.18,111.42,2.98,2044.84,240.45,19.6,0
2020-04-25,Bubanza,162.61,67.81,99.48,74.36,120.87,2.45,2078.32,144.68,18.22,0
2020-05-25,Bubanza,160.02,68.27,89.69,69.17,117.95,3.23,2095.86,217.32,19.36,0
2020-06-24,Bubanza,142.26,60.24,100.16,72.79,117.03,3.25,2072.81,137.18,17.57,0
2020-07-24,Bubanza,184.37,70.47,91.87,75.05,115.54,2.39,2121.9,152.05,19.35,0
2020-08-23,Bubanza,168.18,70.73,95.9,72.76,116.25,3.12,2076.33,139.14,18.02,0
2020-09-22,Bubanza,186.73,64.22,94.41,71.17,118.83,3.27,2139.07,159.66,20.07,0
2020-10-22,Bubanza,141.15,68.2,99.74,72.62,126.75,2.9,2142.84,193.61,18.68,0
2020-11-21,Bubanza,158.57,72.19,102.8,68.28,120.87,3.12,2080.9,125.04,18.53,0
2020-12-21,Bubanza,175.34,62.82,92.8,72.89,124.18,2.62,2112.64,194.4,17.12,0
2021-01-20,Bubanza,156.84,70.2,104.5,73.35,127.7,3.18,2135.53,209.98,16.99,0
2021-02-19,Bubanza,217.88,66.2,96.64,69.95,127.8,3.2,2178.86,181.27,19.73,0
2021-03-21,Bubanza,229.34,66.69,99.83,72.1,130.17,3.53,2119.72,148.37,20.36,0
2021-04-20,Bubanza,205.88,66.22,91.39,73.46,131.16,2.75,2149.21,240.8,17.12,0
2021-05-20,Bubanza,172.01,67.81,108.15,72.81,127.9,3.2,2161.92,167.61,20.58,0
2021-06-19,Bubanza,192.36,64.77,90.51,68.19,130.7,3.29,2188.27,221.93,16.97,1
2021-07-19,Bubanza,154.86,66.12,90.97,74.79,127.37,3.48,2187.99,226.03,18.92,1
2021-08-18,Bubanza,133.73,70.28,107.49,68.96,126.67,2.89,2242.23,172.58,18.82,1
2021-09-17,Bubanza,131.71,71.24,91.27,72.5,138.51,2.63,2228.13,123.91,19.11,1
2021-10-17,Bubanza,183.13,64.53,98.75,72.25,129.6,3.26,2205.45,184.69,17.44,1
2021-11-16,Bubanza,148.44,66.33,94.45,73.32,131.79,3.43,2267.49,143.16,19.15,0
2021-12-16,Bubanza,139.71,48.73,132.54,48.99,174.64,3.25,2940.13,129.28,25.35,0
2022-01-15,Bubanza,126.43,42.82,125.21,51.6,185.18,3.9,2921.74,97.3,26.18,1
2022-02-14,Bubanza,139.79,45.9,140.29,47.7,180.86,3.94,2906.3,134.17,25.08,0
2022-03-16,Bubanza,162.79,73.76,92.8,69.63,135.71,2.42,2236.27,261.82,18.03,0
2022-04-15,Bubanza,169.66,70.94,106.53,69.8,133.29,2.65,2239.55,152.57,18.46,0
2022-05-15,Bubanza,196.13,64.73,108.24,74.44,141.94,2.8,2278.62,183.24,19.57,0
2022-06-14,Bubanza,212.48,74.27,96.21,71.97,136.25,2.62,2291.04,151.77,20.13,0
2022-07-14,Bubanza,173.84,69.78,103.29,70.7,148.28,3.06,2302.91,129.59,18.59,0
2022-08-13,Bubanza,178.28,73.01,99.36,68.81,137.0,2.74,2336.36,197.61,17.96,0
2022-09-12,Bubanza,162.97,67.36,94.13,68.94,140.6,2.45,2299.4,117.0,19.2,0
2022-10-12,Bubanza,203.48,64.51,96.41,70.52,138.82,3.38,2293.25,212.75,20.19,0
2022-11-11,Bubanza,181.39,70.96,97.23,72.59,140.31,2.44,2342.49,180.25,20.17,0
2022-12-11,Bubanza,212.27,64.97,97.37,70.23,146.52,2.56,2356.34,217.6,18.5,0
2023-01-10,Bubanza,225.36,71.94,99.29,69.81,154.74,3.07,2339.11,166.67,19.86,1
2023-02-09,Bubanza,245.39,64.1,105.37,70.79,149.88,3.43,2366.73,204.72,17.03,0
2023-03-11,Bubanza,186.71,71.85,91.94,68.78,149.66,3.15,2404.73,163.58,17.15,1
2023-04-10,Bubanza,186.08,74.38,106.71,73.49,146.97,3.36,2419.78,211.83,18.11,1
2023-05-10,Bubanza,169.08,69.73,101.17,70.53,152.62,2.81,2417.06,240.05,17.46,1
2023-06-09,Bubanza,162.76,71.46,104.03,74.63,150.59,3.51,2370.85,195.64,17.06,1
2023-07-09,Bubanza,183.04,72.21,106.07,69.04,147.85,3.43,2404.57,136.08,18.6,1
2023-08-08,Bubanza,158.54,63.44,97.89,74.37,163.53,3.14,2399.08,209.28,18.78,0
2023-09-07,Bubanza,132.79,51.34,134.73,48.58,198.2,4.16,3138.37,111.81,25.71,0
2023-10-07,Bubanza,136.71,52.49,133.32,48.72,200.76,3.58,3137.46,101.77,22.92,0
2023-11-06,Bubanza,211.96,64.79,103.86,72.88,152.57,3.48,2467.24,160.73,19.68,0
2019-01-01,Muramvya,170.8,23.05,142.03,80.85,103.94,5.82,1925.98,98.23,18.21,0
2019-01-31,Muramvya,155.96,24.74,131.2,81.4,104.09,5.48,1920.36,74.01,17.09,0
2019-03-02,Muramvya,141.08,22.21,148.61,79.96,106.83,6.94,1901.21,65.5,19.3,0
2019-04-01,Muramvya,143.23,24.28,125.75,84.21,99.28,4.95,1903.48,116.77,19.26,0
2019-05-01,Muramvya,161.8,22.6,131.39,81.05,104.54,6.13,1919.17,114.72,17.32,0
2019-05-31,Muramvya,131.65,23.32,134.13,80.79,105.74,5.67,1940.87,99.54,19.23,0
2019-06-30,Muramvya,140.28,23.97,141.12,80.15,105.85,5.39,1928.96,68.9,17.08,1
2019-07-30,Muramvya,157.91,25.62,145.13,77.57,111.11,6.66,1962.04,83.1,20.31,1
2019-08-29,Muramvya,166.11,21.58,130.18,80.72,108.92,6.56,2014.59,70.91,16.86,1
2019-09-28,Muramvya,147.01,22.17,138.62,83.17,111.95,5.82,1970.03,96.15,19.15,1
2019-10-28,Muramvya,130.9,24.73,131.6,78.54,110.33,5.33,2005.29,58.56,19.12,1
2019-11-27,Muramvya,119.65,21.92,150.79,84.19,108.04,6.47,2013.21,101.35,18.07,1
2019-12-27,Muramvya,151.18,25.93,139.84,79.48,107.75,6.29,2025.67,76.89,20.21,1
2020-01-26,Muramvya,135.72,16.05,171.45,57.04,151.66,6.37,2677.17,71.97,22.57,0
2020-02-25,Muramvya,115.73,17.62,197.08,54.72,147.02,7.51,2629.82,58.08,21.95,0
2020-03-26,Muramvya,170.06,22.42,147.53,83.66,114.84,5.35,2053.78,79.87,17.56,0
2020-04-25,Muramvya,140.96,21.98,125.07,78.39,111.0,6.97,2034.67,71.37,17.58,0
2020-05-25,Muramvya,168.58,23.32,149.12,80.35,115.07,5.14,2051.42,77.74,19.2,0
2020-06-24,Muramvya,164.5,21.93,130.19,80.45,123.16,5.53,2084.59,70.96,17.16,1
2020-07-24,Muramvya,140.06,22.41,129.71,83.32,113.24,5.95,2070.47,79.34,18.77,0
2020-08-23,Muramvya,134.32,25.23,149.06,78.71,115.17,6.75,2077.45,78.32,18.02,0
2020-09-22,Muramvya,149.61,24.27,130.52,80.81,124.59,6.03,2065.65,77.02,19.29,0
2020-10-22,Muramvya,154.46,22.52,144.59,82.64,116.2,5.61,2094.91,83.7,17.49,0
2020-11-21,Muramvya,178.35,25.69,150.45,85.09,116.98,6.11,2111.11,96.09,17.62,0
2020-12-21,Muramvya,168.76,25.72,127.26,78.63,127.2,4.71,2154.97,58.93,19.12,0
2021-01-20,Muramvya,177.39,25.29,134.39,78.02,119.62,6.03,2139.27,100.04,18.58,0
2021-02-19,Muramvya,168.89,22.07,134.19,85.07,130.71,5.42,2154.54,109.23,18.32,1
2021-03-21,Muramvya,148.19,24.48,151.79,82.77,121.55,5.1,2179.9,110.25,18.98,0
2021-04-20,Muramvya,143.39,26.08,146.76,79.25,130.67,5.16,2126.17,74.18,17.35,0
2021-05-20,Muramvya,165.53,24.56,138.11,79.34,122.93,6.06,2166.43,76.79,19.9,0
2021-06-19,Muramvya,186.63,24.54,128.52,82.8,126.18,5.68,2146.98,99.42,17.15,1
2021-07-19,Muramvya,178.04,24.44,145.54,82.17,134.97,5.66,2219.59,77.25,20.18,1
2021-08-18,Muramvya,147.45,26.07,147.68,81.65,127.77,5.75,2245.27,87.51,19.7,0
2021-09-17,Muramvya,145.87,25.43,147.92,77.54,137.69,5.93,2186.7,66.66,17.73,1
2021-10-17,Muramvya,123.31,23.06,147.44,78.22,130.43,5.71,2224.52,88.0,18.35,1
2021-11-16,Muramvya,163.98,22.88,129.22,80.69,133.61,6.39,2239.71,73.72,17.32,1
2021-12-16,Muramvya,112.04,17.44,168.51,57.77,183.03,6.83,2913.61,74.84,23.3,0
2022-01-15,Muramvya,181.06,22.85,151.5,82.96,140.95,6.3,2259.58,84.72,19.87,0
2022-02-14,Muramvya,147.82,17.75,181.77,56.58,174.18,6.06,2908.91,63.64,23.53,0
2022-03-16,Muramvya,217.76,24.24,137.43,78.23,132.72,6.46,2276.92,105.82,17.24,0
2022-04-15,Muramvya,162.94,23.67,125.2,78.2,137.33,4.93,2324.31,80.01,17.17,0
2022-05-15,Muramvya,181.13,22.89,148.82,84.95,137.43,5.7,2245.74,94.72,18.22,0
2022-06-14,Muramvya,147.39,25.9,136.43,78.6,144.69,5.97,2331.98,64.09,19.6,0
2022-07-14,Muramvya,134.44,26.15,137.14,84.82,137.88,6.15,2297.6,100.69,17.91,0
2022-08-13,Muramvya,177.65,24.06,147.18,85.23,140.44,5.67,2319.87,66.63,16.74,0
2022-09-12,Muramvya,137.92,24.98,129.63,84.24,147.97,4.85,2341.47,81.77,20.23,1
2022-10-12,Muramvya,138.14,27.47,150.75,83.0,149.88,4.87,2338.3,63.74,17.36,0
2022-11-11,Muramvya,136.71,25.2,150.93,78.65,154.03,6.97,2351.72,63.39,17.86,0
2022-12-11,Muramvya,155.94,24.29,151.86,78.39,151.45,4.66,2365.06,103.95,17.76,0
2023-01-10,Muramvya,188.35,26.53,143.98,79.74,145.31,6.88,2405.55,85.11,19.83,0
2023-02-09,Muramvya,178.53,23.74,136.72,81.51,142.84,5.69,2401.73,100.15,19.04,1
2023-03-11,Muramvya,150.72,25.83,146.73,81.54,148.34,4.97,2421.47,89.9,19.94,1
2023-04-10,Muramvya,197.65,27.14,143.18,80.38,152.21,6.53,2381.9,84.32,17.04,1
2023-05-10,Muramvya,149.61,26.39,136.35,80.44,155.75,4.81,2412.51,101.6,19.76,1
2023-06-09,Muramvya,197.79,26.48,149.36,81.08,154.65,6.8,2451.6,80.6,17.7,1
2023-07-09,Muramvya,155.13,24.63,132.34,84.14,148.33,6.23,2390.8,71.65,16.92,1
2023-08-08,Muramvya,126.38,17.04,179.07,56.67,210.38,8.36,3163.25,58.64,25.78,1
2023-09-07,Muramvya,125.71,18.94,181.93,57.01,200.99,7.63,3193.68,49.84,25.14,0
2023-10-07,Muramvya,153.96,25.39,143.96,79.17,160.22,6.7,2442.97,94.72,20.37,0
2023-11-06,Muramvya,146.12,28.25,151.48,77.94,151.29,5.03,2509.32,63.85,18.55,0
2019-01-01,Mwaro,47.15,62.0,97.59,89.63,103.09,4.15,1896.73,162.79,18.87,0
2019-01-31,Mwaro,54.15,65.42,94.72,91.89,100.49,3.61,1878.27,181.74,17.43,0
2019-03-02,Mwaro,55.87,64.9,101.06,90.38,101.48,3.76,1896.24,131.92,19.89,0
2019-04-01,Mwaro,56.65,62.38,99.35,92.05,103.61,4.01,1903.62,143.29,19.63,0
2019-05-01,Mwaro,49.65,68.87,93.71,87.53,102.19,3.17,1954.27,169.63,17.17,1
2019-05-31,Mwaro,63.21,64.57,101.5,90.07,105.9,3.43,1915.32,133.96,17.33,0
2019-06-30,Mwaro,57.1,65.91,89.69,91.73,107.12,4.39,1964.0,150.37,18.76,1
2019-07-30,Mwaro,57.83,66.86,94.17,89.39,107.05,4.06,1966.75,107.67,19.31,1
2019-08-29,Mwaro,45.09,71.73,97.93,95.12,111.73,3.74,1991.14,171.91,18.47,1
2019-09-28,Mwaro,53.55,65.69,97.18,94.91,111.45,3.56,1962.85,125.81,17.69,1
2019-10-28,Mwaro,54.25,66.27,98.48,90.51,115.3,3.54,1961.48,105.37,18.82,1
2019-11-27,Mwaro,49.84,68.91,90.52,91.71,111.05,3.18,1972.74,112.53,17.01,1
2019-12-27,Mwaro,48.93,65.43,108.49,94.81,108.98,3.45,1990.63,152.27,16.71,0
2020-01-26,Mwaro,46.39,45.8,137.07,65.96,141.42,4.62,2595.84,95.91,22.89,0
2020-02-25,Mwaro,48.92,45.52,141.45,62.36,152.24,4.5,2605.17,141.38,23.11,0
2020-03-26,Mwaro,61.72,70.01,99.31,93.68,110.26,3.95,2074.84,123.66,17.16,0
2020-04-25,Mwaro,58.01,69.19,92.18,91.62,111.67,3.67,2073.64,142.15,18.41,0
2020-05-25,Mwaro,61.91,75.51,97.7,94.01,111.62,3.14,2037.02,151.21,19.76,0
2020-06-24,Mwaro,58.37,73.78,101.1,90.25,118.91,3.47,2036.53,198.26,17.11,1
2020-07-24,Mwaro,60.25,68.14,102.38,89.99,117.71,3.35,2067.44,137.57,19.3,0
2020-08-23,Mwaro,59.35,64.58,99.45,92.33,125.04,3.03,2096.14,169.42,17.53,0
2020-09-22,Mwaro,40.19,74.54,108.0,93.0,120.26,3.03,2134.78,135.26,16.74,0
2020-10-22,Mwaro,50.23,66.01,93.71,87.57,122.91,3.88,2109.48,166.35,19.82,0
2020-11-21,Mwaro,42.45,74.3,97.76,92.16,124.83,3.48,2153.84,113.44,19.12,1
2020-12-21,Mwaro,65.05,66.09,91.34,90.03,122.43,3.28,2135.25,147.77,16.76,0
2021-01-20,Mwaro,65.76,74.5,103.86,93.37,122.64,3.11,2118.05,192.65,20.26,0
2021-02-19,Mwaro,48.76,66.74,95.86,92.28,120.65,4.36,2135.41,207.42,19.52,0
2021-03-21,Mwaro,64.14,73.88,102.14,92.74,127.68,4.42,2176.54,196.28,19.86,0
2021-04-20,Mwaro,50.75,71.94,99.67,94.57,127.28,3.81,2168.35,120.2,18.91,0
2021-05-20,Mwaro,50.87,73.69,101.25,88.48,124.14,4.41,2166.25,134.39,17.27,0
2021-06-19,Mwaro,58.71,74.54,91.2,95.16,128.56,3.42,2181.71,142.92,19.83,1
2021-07-19,Mwaro,49.32,77.88,104.99,95.5,127.67,3.81,2174.71,173.63,16.66,1
2021-08-18,Mwaro,48.25,70.15,102.27,94.78,133.44,4.22,2183.25,141.4,18.3,0
2021-09-17,Mwaro,52.06,75.22,101.22,93.72,133.95,3.06,2179.54,145.68,17.65,0
2021-10-17,Mwaro,50.3,73.8,95.99,93.58,135.93,3.45,2245.66,152.23,18.99,1
2021-11-16,Mwaro,43.39,76.02,96.93,95.61,139.29,3.83,2210.37,119.52,17.89,1
2021-12-16,Mwaro,57.22,68.38,108.89,87.97,141.87,4.31,2244.27,173.66,18.25,0
2022-01-15,Mwaro,38.55,52.2,129.16,64.6,174.3,4.55,2878.23,82.25,22.84,1
2022-02-14,Mwaro,69.8,66.77,102.55,89.48,143.13,3.68,2243.42,168.02,18.05,0
2022-03-16,Mwaro,53.22,81.02,97.91,90.17,141.92,3.5,2300.77,163.7,19.3,0
2022-04-15,Mwaro,70.89,77.31,93.66,88.31,137.43,4.41,2257.82,161.89,16.75,0
2022-05-15,Mwaro,62.0,80.67,99.72,94.48,141.66,3.02,2272.56,167.95,20.15,0
2022-06-14,Mwaro,51.27,69.95,93.45,95.43,147.01,4.11,2289.14,153.42,18.35,0
2022-07-14,Mwaro,54.85,67.27,92.07,95.1,146.6,3.59,2310.08,134.02,19.37,0
2022-08-13,Mwaro,58.28,77.69,93.52,90.07,143.57,3.45,2341.64,125.45,17.15,0
2022-09-12,Mwaro,62.04,70.43,101.62,90.94,138.78,3.68,2346.32,138.8,19.86,0
2022-10-12,Mwaro,44.16,81.17,96.97,92.26,150.26,3.44,2357.21,109.19,17.71,0
2022-11-11,Mwaro,62.01,70.64,103.71,95.62,147.41,3.76,2342.84,130.18,18.39,0
2022-12-11,Mwaro,69.46,81.48,106.59,95.12,147.52,3.93,2393.23,143.19,20.19,0
2023-01-10,Mwaro,63.65,78.21,108.35,89.22,152.67,3.73,2343.6,187.33,18.68,0
2023-02-09,Mwaro,58.93,74.91,101.72,90.69,145.48,4.38,2376.09,189.6,18.16,1
2023-03-11,Mwaro,61.93,73.96,100.27,91.96,150.96,3.16,2384.13,134.9,17.1,1
2023-04-10,Mwaro,66.32,77.88,97.44,95.3,154.1,4.1,2381.41,212.15,19.67,1
2023-05-10,Mwaro,53.54,72.14,95.13,89.46,158.44,3.01,2362.75,138.87,17.37,1
2023-06-09,Mwaro,65.8,76.7,89.57,90.91,152.58,3.13,2430.0,171.57,19.3,1
2023-07-09,Mwaro,44.76,82.77,105.64,95.26,147.49,4.34,2452.52,174.77,16.98,1
2023-08-08,Mwaro,40.42,53.96,140.73,63.73,204.81,4.77,3216.34,72.95,24.04,0
2023-09-07,Mwaro,38.48,57.67,140.63,61.3,202.11,3.89,3152.29,98.53,26.0,0
2023-10-07,Mwaro,45.28,77.65,100.03,89.42,164.31,4.33,2441.45,172.49,18.06,0
2023-11-06,Mwaro,55.81,70.66,107.9,91.14,162.73,3.5,2413.15,110.52,18.47,0
2019-01-01,Karusi,98.22,71.09,123.95,83.59,101.34,4.46,1885.12,217.66,14.27,0
2019-01-31,Karusi,91.47,79.96,119.36,87.19,101.07,5.33,1919.68,233.25,13.44,0
2019-03-02,Karusi,99.71,70.57,123.47,85.93,102.22,5.28,1909.87,230.24,14.3,0
2019-04-01,Karusi,112.72,68.84,118.07,86.88,107.56,5.39,1896.73,248.75,15.47,0
2019-05-01,Karusi,123.82,74.78,121.72,87.7,104.51,5.03,1943.04,258.22,15.97,0
2019-05-31,Karusi,119.09,83.17,118.55,85.54,104.95,5.64,1947.9,225.85,13.72,0
2019-06-30,Karusi,110.81,71.41,125.07,85.54,104.41,5.37,1946.66,193.44,13.6,1
2019-07-30,Karusi,91.51,78.98,134.72,85.06,111.12,5.19,1960.89,143.97,16.09,1
2019-08-29,Karusi,82.14,74.35,136.89,89.31,110.87,4.84,1993.11,159.37,13.93,1
2019-09-28,Karusi,109.29,74.08,127.9,89.12,109.45,5.64,2006.29,123.85,16.26,1
2019-10-28,Karusi,106.95,79.48,138.09,84.2,108.33,5.7,1971.19,127.74,15.64,1
2019-11-27,Karusi,84.17,82.78,133.72,87.77,114.67,4.8,1979.96,154.91,14.8,1
2019-12-27,Karusi,80.2,55.1,176.99,59.43,139.05,7.4,2573.75,111.14,19.97,0
2020-01-26,Karusi,69.46,49.02,160.89,61.8,145.08,6.53,2670.18,171.67,18.32,0
2020-02-25,Karusi,92.43,59.86,158.71,62.71,146.39,5.17,2591.02,139.04,19.17,1
2020-03-26,Karusi,122.03,74.7,130.45,85.85,111.17,4.77,2020.63,210.26,13.89,0
2020-04-25,Karusi,96.97,80.73,135.45,84.19,115.63,4.1,2060.06,174.69,14.87,0
2020-05-25,Karusi,127.27,78.98,131.04,86.74,122.25,5.5,2043.8,237.2,14.58,0
2020-06-24,Karusi,117.23,73.49,134.09,85.76,115.61,4.55,2089.69,156.88,13.31,0
2020-07-24,Karusi,85.82,72.3,122.14,86.55,118.71,4.05,2119.66,200.93,14.26,0
2020-08-23,Karusi,93.23,80.65,119.79,84.87,124.31,4.47,2079.98,209.11,15.27,0
2020-09-22,Karusi,100.88,71.24,134.98,87.48,124.79,5.86,2135.26,209.89,14.82,0
2020-10-22,Karusi,94.22,81.97,138.8,85.03,127.1,5.58,2149.4,210.04,14.13,0
2020-11-21,Karusi,84.13,75.81,131.85,90.26,127.91,5.2,2076.61,144.39,13.6,0
2020-12-21,Karusi,105.08,72.03,125.0,84.79,125.82,4.88,2127.6,179.11,16.13,0
2021-01-20,Karusi,111.22,83.17,130.37,91.36,123.47,4.88,2102.32,209.45,14.16,0
2021-02-19,Karusi,116.59,80.09,117.97,89.33,127.56,4.34,2144.38,230.34,14.87,0
2021-03-21,Karusi,107.93,81.48,140.23,89.1,121.6,4.88,2190.21,155.84,16.23,0
2021-04-20,Karusi,95.59,86.8,125.38,90.62,126.96,4.84,2177.63,236.95,13.41,0
2021-05-20,Karusi,97.37,77.56,124.98,87.33,126.86,4.18,2144.66,141.56,14.7,0
2021-06-19,Karusi,89.89,87.33,134.92,88.8,131.89,5.6,2150.64,187.77,15.37,1
2021-07-19,Karusi,114.56,73.46,133.82,87.9,129.42,4.64,2205.11,219.6,14.77,1
2021-08-18,Karusi,93.58,74.08,117.6,83.67,130.42,4.63,2223.21,195.93,13.46,1
2021-09-17,Karusi,87.46,81.4,119.74,84.39,138.9,5.56,2185.23,159.06,14.36,1
2021-10-17,Karusi,98.16,74.77,135.07,86.7,130.82,4.71,2222.8,154.92,14.02,1
2021-11-16,Karusi,82.27,85.34,120.42,83.6,137.07,5.5,2260.52,177.18,13.91,1
2021-12-16,Karusi,67.57,61.34,154.32,64.28,183.17,6.93,2965.75,148.55,18.03,0
2022-01-15,Karusi,108.02,85.16,125.98,86.11,138.31,5.69,2210.76,183.09,13.77,0
2022-02-14,Karusi,124.89,77.91,121.14,91.42,131.36,4.83,2217.74,201.44,14.79,0
2022-03-16,Karusi,101.35,79.52,133.35,90.07,139.43,5.13,2243.31,179.68,13.78,0
2022-04-15,Karusi,104.66,82.01,130.52,91.5,135.74,5.24,2308.93,210.8,14.06,0
2022-05-15,Karusi,92.87,78.66,135.21,83.63,137.04,5.36,2315.39,191.32,15.37,0
2022-06-14,Karusi,93.85,80.32,130.97,91.52,135.88,4.97,2283.27,188.17,13.38,0
2022-07-14,Karusi,116.62,83.03,127.63,85.72,140.11,4.72,2339.49,227.73,14.6,0
2022-08-13,Karusi,113.39,81.09,130.25,85.24,147.51,5.02,2346.65,199.82,13.94,0
2022-09-12,Karusi,110.11,79.91,120.46,83.24,144.29,4.66,2332.61,136.97,15.85,0
2022-10-12,Karusi,89.02,82.28,128.87,85.1,142.67,4.3,2357.42,198.73,14.67,0
2022-11-11,Karusi,113.98,76.76,140.92,90.41,142.66,4.33,2311.36,139.28,15.52,0
2022-12-11,Karusi,122.26,86.98,131.6,89.23,140.87,4.58,2368.99,132.11,13.4,0
2023-01-10,Karusi,124.04,79.15,133.75,90.16,146.12,4.04,2406.45,178.33,13.62,0
2023-02-09,Karusi,132.64,78.57,122.96,85.34,157.38,4.36,2382.17,255.36,13.74,1
2023-03-11,Karusi,143.22,89.77,121.55,88.77,154.94,5.92,2354.02,238.83,14.31,1
2023-04-10,Karusi,116.43,88.41,128.0,87.93,159.53,4.76,2405.05,187.0,14.47,1
2023-05-10,Karusi,136.76,84.37,135.82,84.0,148.58,4.96,2357.35,167.44,14.84,0
2023-06-09,Karusi,100.58,84.04,130.79,91.33,156.24,4.79,2454.54,219.24,13.9,1
2023-07-09,Karusi,113.1,84.96,136.37,89.69,156.94,5.92,2425.75,136.58,15.75,1
2023-08-08,Karusi,84.28,61.19,170.79,61.08,200.05,6.06,3178.85,137.76,19.91,0
2023-09-07,Karusi,78.53,58.7,168.8,62.98,207.39,6.21,3224.15,94.08,21.12,0
2023-10-07,Karusi,118.09,80.11,134.83,90.32,163.67,5.93,2430.81,192.59,13.65,0
2023-11-06,Karusi,121.25,82.33,131.25,87.63,161.32,5.89,2416.78,185.76,15.86,0
2019-01-01,Kirundo,69.34,67.35,93.02,73.34,96.97,8.26,1875.27,111.78,23.75,0
2019-01-31,Kirundo,57.45,66.26,94.76,70.61,99.71,7.72,1913.69,128.42,23.98,0
2019-03-02,Kirundo,79.16,59.31,106.83,76.76,105.1,6.2,1903.34,157.49,21.7,0
2019-04-01,Kirundo,74.35,68.23,94.99,75.48,104.85,8.03,1893.14,100.7,23.06,0
2019-05-01,Kirundo,69.25,70.82,101.0,76.42,98.8,6.15,1901.6,124.98,25.6,1
2019-05-31,Kirundo,68.31,64.86,112.3,71.08,101.98,5.76,1942.35,116.7,25.42,0
2019-06-30,Kirundo,65.37,66.04,94.82,73.47,111.29,8.05,1987.8,153.11,21.79,1
2019-07-30,Kirundo,47.68,63.17,95.16,73.67,108.9,8.16,1986.1,153.89,21.55,0
2019-08-29,Kirundo,61.03,63.11,98.16,72.62,105.51,7.13,1971.27,118.01,24.48,1
2019-09-28,Kirundo,50.97,61.6,100.14,75.66,111.8,7.57,1964.38,121.52,24.0,1
2019-10-28,Kirundo,58.71,66.03,104.6,75.47,105.71,7.8,1965.94,86.68,25.92,1
2019-11-27,Kirundo,49.44,65.52,96.77,73.77,114.66,8.37,2015.26,111.15,24.15,1
2019-12-27,Kirundo,50.84,47.02,129.52,50.64,138.81,10.39,2613.0,80.35,30.59,0
2020-01-26,Kirundo,76.08,71.82,112.47,73.12,109.8,6.74,2009.98,108.49,24.17,0
2020-02-25,Kirundo,39.27,48.0,141.28,53.05,153.92,10.07,2688.13,87.75,30.78,1
2020-03-26,Kirundo,56.19,63.32,95.0,72.1,111.29,5.76,2075.94,99.44,24.78,0
2020-04-25,Kirundo,80.7,72.18,106.42,75.15,110.26,8.47,2083.01,172.38,24.42,0
2020-05-25,Kirundo,77.63,64.25,104.54,70.92,121.94,6.07,2038.81,139.35,24.92,0
2020-06-24,Kirundo,57.15,60.47,108.56,77.46,121.66,6.98,2104.45,121.3,23.78,0
2020-07-24,Kirundo,59.64,71.01,103.8,72.52,116.12,5.78,2087.42,102.09,22.0,0
2020-08-23,Kirundo,62.94,70.84,103.32,76.78,125.24,7.97,2101.34,103.34,25.95,0
2020-09-22,Kirundo,51.05,66.78,94.09,77.41,122.07,7.26,2112.58,115.21,21.45,0
2020-10-22,Kirundo,64.01,66.57,108.56,71.86,118.6,6.13,2098.2,141.52,25.22,0
2020-11-21,Kirundo,63.58,70.82,97.9,71.42,128.81,7.43,2159.3,109.97,24.63,0
2020-12-21,Kirundo,58.56,68.12,99.52,71.42,121.06,5.78,2145.4,127.63,21.75,0
2021-01-20,Kirundo,57.28,69.62,94.87,75.75,119.01,6.38,2170.9,152.31,21.64,0
2021-02-19,Kirundo,70.42,72.95,105.33,75.22,132.22,6.33,2157.64,136.03,21.49,1
2021-03-21,Kirundo,60.72,70.38,104.63,74.27,121.05,7.01,2193.13,132.4,24.26,0
2021-04-20,Kirundo,78.94,68.74,110.64,73.07,132.98,6.36,2146.96,101.98,25.06,0
2021-05-20,Kirundo,61.19,64.92,111.53,76.34,129.69,7.42,2173.27,125.9,25.63,0
2021-06-19,Kirundo,63.35,66.6,103.21,73.56,130.25,6.07,2186.15,108.42,22.17,0
2021-07-19,Kirundo,68.88,67.86,105.86,75.55,133.35,7.01,2184.66,112.76,24.33,1
2021-08-18,Kirundo,68.43,74.16,96.44,71.19,133.72,6.53,2161.56,144.45,22.37,1
2021-09-17,Kirundo,64.43,72.75,97.08,71.91,133.28,6.16,2196.27,103.05,22.05,1
2021-10-17,Kirundo,67.22,64.64,93.51,74.83,140.38,6.62,2189.09,122.08,25.59,1
2021-11-16,Kirundo,65.88,66.82,104.11,70.85,137.42,7.73,2274.03,104.31,21.39,1
2021-12-16,Kirundo,51.74,45.68,127.82,51.78,173.81,10.55,2911.54,105.9,31.26,0
2022-01-15,Kirundo,55.23,46.55,135.46,50.23,177.66,8.55,2899.64,120.67,28.67,0
2022-02-14,Kirundo,40.85,50.78,127.59,49.34,177.66,10.83,2881.9,102.69,30.77,0
2022-03-16,Kirundo,61.07,72.44,106.96,75.12,145.15,8.01,2228.9,138.62,23.18,0
2022-04-15,Kirundo,71.09,68.41,101.85,77.41,134.24,8.29,2278.2,149.69,25.23,0
2022-05-15,Kirundo,68.23,68.89,100.66,77.02,145.64,5.98,2253.61,128.82,21.77,0
2022-06-14,Kirundo,57.42,70.6,93.07,72.52,144.52,7.05,2342.98,157.02,23.0,1
2022-07-14,Kirundo,72.55,76.21,109.87,71.13,150.12,6.41,2329.2,151.65,22.41,0
2022-08-13,Kirundo,56.72,77.27,98.73,77.22,137.57,7.69,2320.98,115.58,22.36,0
2022-09-12,Kirundo,53.11,71.43,98.15,77.24,138.17,6.24,2303.51,109.47,22.4,0
2022-10-12,Kirundo,70.8,73.81,104.9,70.84,148.83,6.15,2363.77,99.57,23.27,0
2022-11-11,Kirundo,73.42,65.64,104.6,71.23,150.01,8.24,2340.36,120.96,25.69,0
2022-12-11,Kirundo,67.37,72.18,107.15,70.97,152.75,6.91,2315.7,150.26,23.08,0
2023-01-10,Kirundo,75.04,76.61,111.25,77.25,154.48,5.68,2354.17,160.39,23.03,0
2023-02-09,Kirundo,76.98,69.4,111.6,73.9,149.47,8.51,2374.38,112.46,23.73,1
2023-03-11,Kirundo,83.18,75.58,107.54,72.06,156.47,8.21,2355.33,109.79,25.92,1
2023-04-10,Kirundo,85.77,77.12,104.11,74.96,152.69,5.82,2417.51,139.79,24.36,1
2023-05-10,Kirundo,71.51,67.01,98.68,71.35,148.34,8.44,2370.15,116.01,24.09,1
2023-06-09,Kirundo,58.98,76.07,109.13,71.93,150.75,8.34,2444.43,143.46,21.69,1
2023-07-09,Kirundo,66.69,67.48,102.18,74.62,152.32,7.89,2455.49,108.93,25.27,1
2023-08-08,Kirundo,37.82,46.26,138.02,51.57,211.07,8.72,3134.68,82.03,30.49,0
2023-09-07,Kirundo,47.86,54.13,146.91,50.5,208.51,8.83,3196.43,79.63,33.8,0
2023-10-07,Kirundo,49.99,54.74,142.66,51.5,200.3,8.74,3125.15,83.17,30.8,0
2023-11-06,Kirundo,78.06,78.46,96.26,72.9,157.79,6.7,2489.88,123.59,24.01,0
2019-01-01,Bujumbura Rural,161.01,29.06,135.03,83.07,97.45,3.09,1926.51,40.6,16.03,0
2019-01-31,Bujumbura Rural,166.98,29.08,117.21,78.75,97.34,3.94,1884.03,61.42,15.01,0
2019-03-02,Bujumbura Rural,151.76,27.86,117.66,82.82,100.14,4.21,1913.76,60.72,14.78,0
2019-04-01,Bujumbura Rural,171.97,28.43,131.43,79.49,102.41,3.99,1928.05,67.82,14.88,0
2019-05-01,Bujumbura Rural,202.59,31.03,134.62,83.91,103.3,3.64,1958.48,65.58,13.48,0
2019-05-31,Bujumbura Rural,147.21,32.42,136.7,84.55,100.32,3.91,1941.88,54.24,13.54,0
2019-06-30,Bujumbura Rural,171.49,28.5,132.9,82.81,108.83,4.38,1949.91,73.13,15.82,1
2019-07-30,Bujumbura Rural,142.18,30.6,127.42,81.5,107.89,4.14,1967.28,41.68,15.8,1
2019-08-29,Bujumbura Rural,188.48,28.69,141.89,77.58,105.1,3.08,1992.21,63.56,14.55,1
2019-09-28,Bujumbura Rural,162.22,31.94,138.95,79.24,107.41,4.38,2017.34,66.55,15.93,1
2019-10-28,Bujumbura Rural,179.83,30.63,142.73,80.66,110.59,3.81,1980.77,39.13,15.91,1
2019-11-27,Bujumbura Rural,141.99,32.98,133.25,80.15,108.27,4.31,2020.55,56.19,15.07,0
2019-12-27,Bujumbura Rural,107.49,20.64,174.42,58.95,144.2,4.33,2633.78,49.22,20.12,0
2020-01-26,Bujumbura Rural,141.85,20.38,163.84,55.99,147.07,5.74,2669.93,33.0,17.91,0
2020-02-25,Bujumbura Rural,199.65,33.97,141.99,82.13,117.86,3.81,2009.28,63.41,14.91,0
2020-03-26,Bujumbura Rural,171.92,30.66,126.44,84.6,114.36,4.15,2062.99,54.36,14.96,0
2020-04-25,Bujumbura Rural,189.73,34.36,122.55,77.44,120.54,4.29,2092.43,69.21,16.03,0
2020-05-25,Bujumbura Rural,211.1,32.05,126.92,84.4,116.21,3.83,2057.06,62.73,14.66,1
2020-06-24,Bujumbura Rural,204.1,31.33,132.29,77.97,112.14,3.38,2087.95,43.67,15.95,0
2020-07-24,Bujumbura Rural,148.6,29.72,117.34,83.08,123.46,3.94,2054.55,47.59,14.67,0
2020-08-23,Bujumbura Rural,145.93,33.27,128.4,79.25,119.47,3.12,2114.97,44.43,15.41,1
2020-09-22,Bujumbura Rural,189.43,29.9,139.92,83.39,126.66,3.73,2118.6,47.74,13.81,0
2020-10-22,Bujumbura Rural,141.17,35.0,119.48,81.61,123.54,3.83,2122.68,40.43,14.91,0
2020-11-21,Bujumbura Rural,199.71,33.66,142.26,77.15,120.36,3.31,2077.08,46.18,15.27,0
2020-12-21,Bujumbura Rural,179.74,34.53,135.01,80.03,122.42,3.7,2100.51,62.13,14.34,0
2021-01-20,Bujumbura Rural,207.74,32.82,126.44,78.54,128.45,3.75,2113.97,49.34,13.76,0
2021-02-19,Bujumbura Rural,174.17,32.34,128.71,81.53,130.75,4.32,2142.8,44.31,14.53,0
2021-03-21,Bujumbura Rural,202.71,33.2,120.98,82.07,122.97,4.15,2142.62,71.22,13.41,0
2021-04-20,Bujumbura Rural,212.17,30.53,137.65,81.94,129.12,3.55,2164.48,66.13,14.66,0
2021-05-20,Bujumbura Rural,184.81,30.42,122.54,76.89,126.43,4.14,2201.1,49.6,16.1,0
2021-06-19,Bujumbura Rural,211.36,33.75,135.76,77.53,126.36,3.03,2203.89,52.14,15.59,1
2021-07-19,Bujumbura Rural,194.43,30.07,121.48,79.6,129.8,3.54,2217.64,41.42,14.31,1
2021-08-18,Bujumbura Rural,137.3,35.41,142.62,77.56,129.24,3.58,2228.37,55.55,15.17,1
2021-09-17,Bujumbura Rural,138.9,34.77,135.32,81.51,138.18,4.07,2187.09,49.57,14.73,0
2021-10-17,Bujumbura Rural,197.02,30.23,135.11,80.94,127.64,4.41,2254.29,53.29,13.95,1
2021-11-16,Bujumbura Rural,164.22,31.12,130.15,84.66,136.01,4.36,2245.97,53.82,15.79,1
2021-12-16,Bujumbura Rural,117.54,21.24,180.97,57.12,183.68,5.76,2862.56,40.28,18.69,0
2022-01-15,Bujumbura Rural,123.06,23.25,176.02,54.55,183.69,5.11,2979.58,38.2,17.67,0
2022-02-14,Bujumbura Rural,237.33,29.87,136.56,81.09,136.19,3.11,2272.05,65.68,14.1,0
2022-03-16,Bujumbura Rural,186.76,32.63,131.11,77.65,145.01,3.58,2232.43,58.98,15.04,0
2022-04-15,Bujumbura Rural,216.15,30.09,124.37,83.47,134.12,4.3,2242.78,75.02,14.33,0
2022-05-15,Bujumbura Rural,167.19,30.21,122.59,77.88,138.35,3.79,2297.63,70.88,15.21,0
2022-06-14,Bujumbura Rural,178.71,32.97,127.75,83.65,138.17,3.02,2312.92,47.24,15.9,0
2022-07-14,Bujumbura Rural,146.46,30.59,129.85,81.77,139.78,4.09,2317.26,48.89,13.35,0
2022-08-13,Bujumbura Rural,150.45,35.49,127.9,81.51,149.37,4.32,2306.09,43.35,15.56,0
2022-09-12,Bujumbura Rural,146.99,36.02,122.13,77.05,138.04,3.95,2342.55,45.89,14.21,0
2022-10-12,Bujumbura Rural,182.73,30.44,141.13,78.64,153.3,3.27,2362.38,43.81,13.51,0
2022-11-11,Bujumbura Rural,203.09,32.81,135.24,81.35,152.19,3.49,2348.72,54.15,14.31,0
2022-12-11,Bujumbura Rural,162.26,31.16,131.97,82.16,143.48,3.6,2398.08,48.76,15.24,0
2023-01-10,Bujumbura Rural,192.93,36.51,136.13,80.55,150.03,4.06,2374.22,74.1,14.32,0
2023-02-09,Bujumbura Rural,180.88,30.53,118.09,83.88,152.68,4.01,2385.89,75.57,14.69,1
2023-03-11,Bujumbura Rural,195.51,36.57,135.14,78.92,151.97,3.82,2349.96,66.72,14.2,0
2023-04-10,Bujumbura Rural,241.79,34.71,139.77,82.31,149.83,3.79,2410.83,79.74,14.02,1
2023-05-10,Bujumbura Rural,232.12,34.97,141.18,80.06,159.93,4.07,2359.47,75.12,14.7,1
2023-06-09,Bujumbura Rural,194.38,31.5,129.17,83.56,146.54,3.43,2364.98,54.59,15.42,1
2023-07-09,Bujumbura Rural,212.29,34.68,123.6,84.32,159.27,3.88,2441.46,68.54,15.37,1
2023-08-08,Bujumbura Rural,99.16,23.26,165.8,54.73,193.13,4.18,3181.15,43.43,21.04,0
2023-09-07,Bujumbura Rural,140.9,22.26,176.32,58.06,195.71,5.61,3213.7,26.08,17.6,1
2023-10-07,Bujumbura Rural,122.39,24.04,161.11,58.95,202.69,4.01,3160.84,37.45,18.82,0
2023-11-06,Bujumbura Rural,154.74,36.37,142.87,79.51,157.12,3.95,2482.0,51.09,15.94,0
